psid,survey_id_fk,monthly_fee,arrears,amount_due,bill_month,payment_status,is_duplicate
26770110100915001500,545641,300,0,993,Sep-2025,UNPAID,False
26770110100915001499,545533,300,0,993,Sep-2025,UNPAID,False
26770110100915001498,545487,200,0,662,Sep-2025,UNPAID,False
26770110100915001497,545438,300,0,993,Sep-2025,UNPAID,False
26770110100915001496,545405,200,0,662,Sep-2025,UNPAID,False
26770110100915001495,545404,200,0,662,Sep-2025,UNPAID,False
26770110100915001494,545312,300,0,993,Sep-2025,UNPAID,False
26770110100915001493,545231,300,0,993,Sep-2025,UNPAID,False
26770110100915001492,545121,300,0,993,Sep-2025,UNPAID,False
26770110100915001491,544704,200,0,662,Sep-2025,UNPAID,False
26770110100915001490,544643,700,0,2317,Sep-2025,UNPAID,False
26770110100915001489,544542,700,0,2317,Sep-2025,UNPAID,False
26770110100915001488,544395,700,0,2317,Sep-2025,UNPAID,False
26770110100915001487,544266,300,0,993,Sep-2025,UNPAID,False
26770110100915001486,544265,200,0,662,Sep-2025,UNPAID,False
26770110100915001485,544186,300,0,993,Sep-2025,UNPAID,False
26770110100915001484,544169,700,0,2317,Sep-2025,UNPAID,False
26770110100915001483,544018,300,0,993,Sep-2025,UNPAID,False
26770110100915001482,543944,700,0,2317,Sep-2025,UNPAID,False
26770110100915001481,543906,200,0,662,Sep-2025,UNPAID,False
26770110100915001480,543896,300,0,993,Sep-2025,UNPAID,False
26770110100915001479,543797,700,0,2317,Sep-2025,UNPAID,False
26770110100915001478,543773,300,0,993,Sep-2025,UNPAID,False
26770110100915001477,543657,300,0,993,Sep-2025,UNPAID,False
26770110100915001476,543512,300,0,993,Sep-2025,UNPAID,False
26770110100915001475,543428,500,0,1655,Sep-2025,UNPAID,False
26770110100915001474,543401,300,0,993,Sep-2025,UNPAID,False
26770110100915001473,543373,500,0,1655,Sep-2025,UNPAID,False
26770110100915001472,543283,500,0,1655,Sep-2025,UNPAID,False
26770110100915001471,543273,300,0,993,Sep-2025,UNPAID,False
26770110100915001470,543199,500,0,1655,Sep-2025,UNPAID,False
26770110100915001469,542998,1000,0,3310,Sep-2025,UNPAID,False
26770110100915001468,542905,500,0,1655,Sep-2025,UNPAID,False
26770110100915001467,542864,200,0,662,Sep-2025,UNPAID,False
26770110100915001466,542802,500,0,1655,Sep-2025,UNPAID,False
26770110100915001465,542734,200,0,662,Sep-2025,UNPAID,False
26770110100915001464,542720,500,0,1655,Sep-2025,UNPAID,False
26770110100915001463,542590,200,0,662,Sep-2025,UNPAID,False
26770110100915001462,542533,500,0,1655,Sep-2025,UNPAID,False
26770110100915001461,542283,500,0,1655,Sep-2025,UNPAID,False
26770110100915001460,542219,500,0,1655,Sep-2025,UNPAID,False
26770110100915001459,542161,500,0,1655,Sep-2025,UNPAID,False
26770110100915001458,542108,500,0,1655,Sep-2025,UNPAID,False
26770110100915001457,542070,2000,0,6620,Sep-2025,UNPAID,False
26770110100915001456,541872,500,0,1655,Sep-2025,UNPAID,False
26770110100915001455,541836,300,0,993,Sep-2025,UNPAID,False
26770110100915001454,541754,500,0,1655,Sep-2025,UNPAID,False
26770110100915001453,541748,300,0,993,Sep-2025,UNPAID,False
26770110100915001452,541692,300,0,993,Sep-2025,UNPAID,False
26770110100915001451,541602,500,0,1655,Sep-2025,UNPAID,False
26770110100915001450,541550,700,0,2317,Sep-2025,UNPAID,False
26770110100915001449,541542,300,0,993,Sep-2025,UNPAID,False
26770110100915001448,541487,500,0,1655,Sep-2025,UNPAID,False
26770110100915001447,541442,300,0,993,Sep-2025,UNPAID,False
26770110100915001446,541433,500,0,1655,Sep-2025,UNPAID,False
26770110100915001445,541348,300,0,993,Sep-2025,UNPAID,False
26770110100915001444,541347,500,0,1655,Sep-2025,UNPAID,False
26770110100915001443,541219,500,0,1655,Sep-2025,UNPAID,False
26770110100915001442,541154,300,0,993,Sep-2025,UNPAID,False
26770110100915001441,541128,500,0,1655,Sep-2025,UNPAID,False
26770110100915001440,541094,300,0,993,Sep-2025,UNPAID,False
26770110100915001439,541093,300,0,993,Sep-2025,UNPAID,False
26770110100915001438,541078,500,0,1655,Sep-2025,UNPAID,False
26770110100915001437,541047,300,0,993,Sep-2025,UNPAID,False
26770110100915001436,541031,500,0,1655,Sep-2025,UNPAID,False
26770110100915001435,540958,300,0,993,Sep-2025,UNPAID,False
26770110100915001434,540906,500,0,1655,Sep-2025,UNPAID,False
26770110100915001433,540835,300,0,993,Sep-2025,UNPAID,False
26770110100915001432,540820,500,0,1655,Sep-2025,UNPAID,False
26770110100915001431,540715,300,0,993,Sep-2025,UNPAID,False
26770110100915001430,540641,300,0,993,Sep-2025,UNPAID,False
26770110100915001429,540540,300,0,993,Sep-2025,UNPAID,False
26770110100915001428,540513,400,0,1324,Sep-2025,UNPAID,False
26770110100915001427,540487,300,0,993,Sep-2025,UNPAID,False
26770110100915001426,540483,200,0,662,Sep-2025,UNPAID,False
26770110100915001425,540453,300,0,993,Sep-2025,UNPAID,False
26770110100915001424,540419,300,0,993,Sep-2025,UNPAID,False
26770110100915001423,540386,300,0,993,Sep-2025,UNPAID,False
26770110100915001422,540306,200,0,662,Sep-2025,UNPAID,False
26770110100915001421,540193,300,0,993,Sep-2025,UNPAID,False
26770110100915001420,540092,200,0,662,Sep-2025,UNPAID,False
26770110100915001419,540070,300,0,993,Sep-2025,UNPAID,False
26770110100915001418,539909,300,0,993,Sep-2025,UNPAID,False
26770110100915001417,539799,300,0,993,Sep-2025,UNPAID,False
26770110100915001416,539709,200,0,662,Sep-2025,UNPAID,False
26770110100915001415,539672,200,0,662,Sep-2025,UNPAID,False
26770110100915001414,539614,300,0,993,Sep-2025,UNPAID,False
26770110100915001413,539498,300,0,993,Sep-2025,UNPAID,False
26770110100915001412,539442,200,0,662,Sep-2025,UNPAID,False
26770110100915001411,539401,300,0,993,Sep-2025,UNPAID,False
26770110100915001410,539341,300,0,993,Sep-2025,UNPAID,False
26770110100915001409,539234,200,0,662,Sep-2025,UNPAID,False
26770110100915001408,539102,300,0,993,Sep-2025,UNPAID,False
26770110100915001407,539066,300,0,993,Sep-2025,UNPAID,False
26770110100915001406,539048,300,0,993,Sep-2025,UNPAID,False
26770110100915001405,538981,500,0,1655,Sep-2025,UNPAID,False
26770110100915001404,538943,300,0,993,Sep-2025,UNPAID,False
26770110100915001403,538938,500,0,1655,Sep-2025,UNPAID,False
26770110100915001402,538913,200,0,662,Sep-2025,UNPAID,False
26770110100915001401,538882,1000,0,3310,Sep-2025,UNPAID,False
26770110100915001400,538839,500,0,1655,Sep-2025,UNPAID,False
26770110100915001399,538838,300,0,993,Sep-2025,UNPAID,False
26770110100915001398,538828,300,0,993,Sep-2025,UNPAID,False
26770110100915001397,538827,300,0,993,Sep-2025,UNPAID,False
26770110100915001396,538757,500,0,1655,Sep-2025,UNPAID,False
26770110100915001395,538735,400,0,1324,Sep-2025,UNPAID,False
26770110100915001394,538726,300,0,993,Sep-2025,UNPAID,False
26770110100915001393,538718,500,0,1655,Sep-2025,UNPAID,False
26770110100915001392,538697,300,0,993,Sep-2025,UNPAID,False
26770110100915001391,538669,1000,0,3310,Sep-2025,UNPAID,False
26770110100915001390,538559,1000,0,3310,Sep-2025,UNPAID,False
26770110100915001389,538485,1000,0,3310,Sep-2025,UNPAID,False
26770110100915001388,538475,300,0,993,Sep-2025,UNPAID,False
26770110100915001387,538474,300,0,993,Sep-2025,UNPAID,False
26770110100915001386,538236,300,0,993,Sep-2025,UNPAID,False
26770110100915001385,538192,200,0,662,Sep-2025,UNPAID,False
26770110100915001384,538002,400,0,1324,Sep-2025,UNPAID,False
26770110100915001383,537923,3000,0,9930,Sep-2025,UNPAID,False
26770110100915001382,537886,200,0,662,Sep-2025,UNPAID,False
26770110100915001381,537847,500,0,1655,Sep-2025,UNPAID,False
26770110100915001380,537829,200,0,662,Sep-2025,UNPAID,False
26770110100915001379,537803,200,0,662,Sep-2025,UNPAID,False
26770110100915001378,537801,200,0,662,Sep-2025,UNPAID,False
26770110100915001377,537800,200,0,662,Sep-2025,UNPAID,False
26770110100915001376,537799,200,0,662,Sep-2025,UNPAID,False
26770110100915001375,537798,200,0,662,Sep-2025,UNPAID,False
26770110100915001374,537796,200,0,662,Sep-2025,UNPAID,False
26770110100915001373,537751,1000,0,3310,Sep-2025,UNPAID,False
26770110100915001372,537704,1000,0,3310,Sep-2025,UNPAID,False
26770110100915001371,537646,300,0,993,Sep-2025,UNPAID,False
26770110100915001370,537638,1000,0,3310,Sep-2025,UNPAID,False
26770110100915001369,537594,1000,0,3310,Sep-2025,UNPAID,False
26770110100915001368,537591,300,0,993,Sep-2025,UNPAID,False
26770110100915001367,537527,1000,0,3310,Sep-2025,UNPAID,False
26770110100915001366,537521,300,0,993,Sep-2025,UNPAID,False
26770110100915001365,537387,1000,0,3310,Sep-2025,UNPAID,False
26770110100915001364,537355,500,0,1655,Sep-2025,UNPAID,False
26770110100915001363,537328,500,0,1655,Sep-2025,UNPAID,False
26770110100915001362,537290,1000,0,3310,Sep-2025,UNPAID,False
26770110100915001361,537247,1000,0,3310,Sep-2025,UNPAID,False
26770110100915001360,537183,500,0,1655,Sep-2025,UNPAID,False
26770110100915001359,537127,1000,0,3310,Sep-2025,UNPAID,False
26770110100915001358,537064,500,0,1655,Sep-2025,UNPAID,False
26770110100915001357,537015,300,0,993,Sep-2025,UNPAID,False
26770110100915001356,536999,500,0,1655,Sep-2025,UNPAID,False
26770110100915001355,536955,500,0,1655,Sep-2025,UNPAID,False
26770110100915001354,536917,500,0,1655,Sep-2025,UNPAID,False
26770110100915001353,536902,300,0,993,Sep-2025,UNPAID,False
26770110100915001352,536860,300,0,993,Sep-2025,UNPAID,False
26770110100915001351,536831,1000,0,3310,Sep-2025,UNPAID,False
26770110100915001350,536795,500,0,1655,Sep-2025,UNPAID,False
26770110100915001349,536764,500,0,1655,Sep-2025,UNPAID,False
26770110100915001348,536734,500,0,1655,Sep-2025,UNPAID,False
26770110100915001347,536711,500,0,1655,Sep-2025,UNPAID,False
26770110100915001346,536689,1000,0,3310,Sep-2025,UNPAID,False
26770110100915001345,536653,1000,0,3310,Sep-2025,UNPAID,False
26770110100915001344,536618,1000,0,3310,Sep-2025,UNPAID,False
26770110100915001343,536592,1000,0,3310,Sep-2025,UNPAID,False
26770110100915001342,536556,500,0,1655,Sep-2025,UNPAID,False
26770110100915001341,536526,500,0,1655,Sep-2025,UNPAID,False
26770110100915001340,536500,500,0,1655,Sep-2025,UNPAID,False
26770110100915001339,536464,500,0,1655,Sep-2025,UNPAID,False
26770110100915001338,536444,500,0,1655,Sep-2025,UNPAID,False
26770110100915001337,536322,3000,0,9930,Sep-2025,UNPAID,False
26770110100915001336,536255,2000,0,6620,Sep-2025,UNPAID,False
26770110100915001335,536245,1000,0,3310,Sep-2025,UNPAID,False
26770110100915001334,536226,1000,0,3310,Sep-2025,UNPAID,False
26770110100915001333,536183,3000,0,9930,Sep-2025,UNPAID,False
26770110100915001332,536161,700,0,2317,Sep-2025,UNPAID,False
26770110100915001331,536149,300,0,993,Sep-2025,UNPAID,False
26770110100915001330,536141,300,0,993,Sep-2025,UNPAID,False
26770110100915001329,536121,300,0,993,Sep-2025,UNPAID,False
26770110100915001328,536085,300,0,993,Sep-2025,UNPAID,False
26770110100915001327,536073,300,0,993,Sep-2025,UNPAID,False
26770110100915001326,536057,300,0,993,Sep-2025,UNPAID,False
26770110100915001325,536018,300,0,993,Sep-2025,UNPAID,False
26770110100915001324,535998,300,0,993,Sep-2025,UNPAID,False
26770110100915001323,535993,300,0,993,Sep-2025,UNPAID,False
26770110100915001322,535980,300,0,993,Sep-2025,UNPAID,False
26770110100915001321,535970,300,0,993,Sep-2025,UNPAID,False
26770110100915001320,535960,300,0,993,Sep-2025,UNPAID,False
26770110100915001319,535956,300,0,993,Sep-2025,UNPAID,False
26770110100915001318,535950,2000,0,6620,Sep-2025,UNPAID,False
26770110100915001317,535938,300,0,993,Sep-2025,UNPAID,False
26770110100915001316,535931,300,0,993,Sep-2025,UNPAID,False
26770110100915001315,535929,500,0,1655,Sep-2025,UNPAID,False
26770110100915001314,535920,300,0,993,Sep-2025,UNPAID,False
26770110100915001313,535915,2000,0,6620,Sep-2025,UNPAID,False
26770110100915001312,535911,300,0,993,Sep-2025,UNPAID,False
26770110100915001311,535908,500,0,1655,Sep-2025,UNPAID,False
26770110100915001310,535901,500,0,1655,Sep-2025,UNPAID,False
26770110100915001309,535893,300,0,993,Sep-2025,UNPAID,False
26770110100915001308,535892,500,0,1655,Sep-2025,UNPAID,False
26770110100915001307,535887,500,0,1655,Sep-2025,UNPAID,False
26770110100915001306,535878,700,0,2317,Sep-2025,UNPAID,False
26770110100915001305,535873,500,0,1655,Sep-2025,UNPAID,False
26770110100915001304,535872,300,0,993,Sep-2025,UNPAID,False
26770110100915001303,535865,500,0,1655,Sep-2025,UNPAID,False
26770110100915001302,535863,300,0,993,Sep-2025,UNPAID,False
26770110100915001301,535859,500,0,1655,Sep-2025,UNPAID,False
26770110100915001300,535853,700,0,2317,Sep-2025,UNPAID,False
26770110100915001299,535850,500,0,1655,Sep-2025,UNPAID,False
26770110100915001298,535848,700,0,2317,Sep-2025,UNPAID,False
26770110100915001297,535844,500,0,1655,Sep-2025,UNPAID,False
26770110100915001296,535838,500,0,1655,Sep-2025,UNPAID,False
26770110100915001295,535836,700,0,2317,Sep-2025,UNPAID,False
26770110100915001294,535825,700,0,2317,Sep-2025,UNPAID,False
26770110100915001293,535805,700,0,2317,Sep-2025,UNPAID,False
26770110100915001292,535804,700,0,2317,Sep-2025,UNPAID,False
26770110100915001291,535799,300,0,993,Sep-2025,UNPAID,False
26770110100915001290,535796,300,0,993,Sep-2025,UNPAID,False
26770110100915001289,535794,300,0,993,Sep-2025,UNPAID,False
26770110100915001288,535791,300,0,993,Sep-2025,UNPAID,False
26770110100915001287,535787,300,0,993,Sep-2025,UNPAID,False
26770110100915001286,535781,300,0,993,Sep-2025,UNPAID,False
26770110100915001285,535776,300,0,993,Sep-2025,UNPAID,False
26770110100915001284,535770,300,0,993,Sep-2025,UNPAID,False
26770110100915001283,535766,300,0,993,Sep-2025,UNPAID,False
26770110100915001282,535764,300,0,993,Sep-2025,UNPAID,False
26770110100915001281,535761,300,0,993,Sep-2025,UNPAID,False
26770110100915001280,535760,300,0,993,Sep-2025,UNPAID,False
26770110100915001279,535758,300,0,993,Sep-2025,UNPAID,False
26770110100915001278,535756,300,0,993,Sep-2025,UNPAID,False
26770110100915001277,535754,300,0,993,Sep-2025,UNPAID,False
26770110100915001276,535752,300,0,993,Sep-2025,UNPAID,False
26770110100915001275,535749,300,0,993,Sep-2025,UNPAID,False
26770110100915001274,535747,300,0,993,Sep-2025,UNPAID,False
26770110100915001273,535745,300,0,993,Sep-2025,UNPAID,False
26770110100915001272,528888,300,0,993,Sep-2025,UNPAID,False
26770110100915001271,528887,300,0,993,Sep-2025,UNPAID,False
26770110100915001270,528886,700,0,2317,Sep-2025,UNPAID,False
26770110100915001269,528885,300,0,993,Sep-2025,UNPAID,False
26770110100915001268,528884,300,0,993,Sep-2025,UNPAID,False
26770110100915001267,528882,300,0,993,Sep-2025,UNPAID,False
26770110100915001266,528759,300,0,993,Sep-2025,UNPAID,False
26770110100915001265,528688,300,0,993,Sep-2025,UNPAID,False
26770110100915001264,528659,300,0,993,Sep-2025,UNPAID,False
26770110100915001263,528600,300,0,993,Sep-2025,UNPAID,False
26770110100915001262,528577,300,0,993,Sep-2025,UNPAID,False
26770110100915001261,528563,300,0,993,Sep-2025,UNPAID,False
26770110100915001260,528534,300,0,993,Sep-2025,UNPAID,False
26770110100915001259,528521,300,0,993,Sep-2025,UNPAID,False
26770110100915001258,528509,300,0,993,Sep-2025,UNPAID,False
26770110100915001257,528488,300,0,993,Sep-2025,UNPAID,False
26770110100915001256,528464,300,0,993,Sep-2025,UNPAID,False
26770110100915001255,528434,300,0,993,Sep-2025,UNPAID,False
26770110100915001254,528395,300,0,993,Sep-2025,UNPAID,False
26770110100915001253,528374,300,0,993,Sep-2025,UNPAID,False
26770110100915001252,528334,300,0,993,Sep-2025,UNPAID,False
26770110100915001251,528308,300,0,993,Sep-2025,UNPAID,False
26770110100915001250,577380,300,0,993,Sep-2025,UNPAID,False
26770110100915001249,577372,300,0,993,Sep-2025,UNPAID,False
26770110100915001248,577369,300,0,993,Sep-2025,UNPAID,False
26770110100915001247,577363,300,0,993,Sep-2025,UNPAID,False
26770110100915001246,577361,300,0,993,Sep-2025,UNPAID,False
26770110100915001245,577356,300,0,993,Sep-2025,UNPAID,False
26770110100915001244,577354,300,0,993,Sep-2025,UNPAID,False
26770110100915001243,577348,300,0,993,Sep-2025,UNPAID,False
26770110100915001242,577344,300,0,993,Sep-2025,UNPAID,False
26770110100915001241,577341,300,0,993,Sep-2025,UNPAID,False
26770110100915001240,577340,300,0,993,Sep-2025,UNPAID,False
26770110100915001239,577324,300,0,993,Sep-2025,UNPAID,False
26770110100915001238,577320,300,0,993,Sep-2025,UNPAID,False
26770110100915001237,577313,300,0,993,Sep-2025,UNPAID,False
26770110100915001236,577296,300,0,993,Sep-2025,UNPAID,False
26770110100915001235,577292,300,0,993,Sep-2025,UNPAID,False
26770110100915001234,577279,300,0,993,Sep-2025,UNPAID,False
26770110100915001233,577276,300,0,993,Sep-2025,UNPAID,False
26770110100915001232,577181,300,0,993,Sep-2025,UNPAID,False
26770110100915001231,577173,200,0,662,Sep-2025,UNPAID,False
26770110100915001230,577156,300,0,993,Sep-2025,UNPAID,False
26770110100915001229,577143,300,0,993,Sep-2025,UNPAID,False
26770110100915001228,577105,700,0,2317,Sep-2025,UNPAID,False
26770110100915001227,577092,300,0,993,Sep-2025,UNPAID,False
26770110100915001226,577078,300,0,993,Sep-2025,UNPAID,False
26770110100915001225,577062,300,0,993,Sep-2025,UNPAID,False
26770110100915001224,577048,300,0,993,Sep-2025,UNPAID,False
26770110100915001223,577029,300,0,993,Sep-2025,UNPAID,False
26770110100915001222,577021,300,0,993,Sep-2025,UNPAID,False
26770110100915001221,577008,300,0,993,Sep-2025,UNPAID,False
26770110100915001220,576987,300,0,993,Sep-2025,UNPAID,False
26770110100915001219,576969,300,0,993,Sep-2025,UNPAID,False
26770110100915001218,576953,300,0,993,Sep-2025,UNPAID,False
26770110100915001217,576943,300,0,993,Sep-2025,UNPAID,False
26770110100915001216,576931,200,0,662,Sep-2025,UNPAID,False
26770110100915001215,576924,300,0,993,Sep-2025,UNPAID,False
26770110100915001214,576910,300,0,993,Sep-2025,UNPAID,False
26770110100915001213,576894,300,0,993,Sep-2025,UNPAID,False
26770110100915001212,576880,300,0,993,Sep-2025,UNPAID,False
26770110100915001211,576862,300,0,993,Sep-2025,UNPAID,False
26770110100915001210,576859,200,0,662,Sep-2025,UNPAID,False
26770110100915001209,576854,300,0,993,Sep-2025,UNPAID,False
26770110100915001208,576839,300,0,993,Sep-2025,UNPAID,False
26770110100915001207,576826,300,0,993,Sep-2025,UNPAID,False
26770110100915001206,576818,300,0,993,Sep-2025,UNPAID,False
26770110100915001205,576801,300,0,993,Sep-2025,UNPAID,False
26770110100915001204,576787,300,0,993,Sep-2025,UNPAID,False
26770110100915001203,576772,300,0,993,Sep-2025,UNPAID,False
26770110100915001202,576767,300,0,993,Sep-2025,UNPAID,False
26770110100915001201,576756,300,0,993,Sep-2025,UNPAID,False
26770110100915001200,576747,300,0,993,Sep-2025,UNPAID,False
26770110100915001199,576744,200,0,662,Sep-2025,UNPAID,False
26770110100915001198,576714,300,0,993,Sep-2025,UNPAID,False
26770110100915001197,576643,300,0,993,Sep-2025,UNPAID,False
26770110100915001196,576641,700,0,2317,Sep-2025,UNPAID,False
26770110100915001195,576628,300,0,993,Sep-2025,UNPAID,False
26770110100915001194,576609,300,0,993,Sep-2025,UNPAID,False
26770110100915001193,576593,300,0,993,Sep-2025,UNPAID,False
26770110100915001192,576591,200,0,662,Sep-2025,UNPAID,False
26770110100915001191,576580,300,0,993,Sep-2025,UNPAID,False
26770110100915001190,576562,300,0,993,Sep-2025,UNPAID,False
26770110100915001189,576548,700,0,2317,Sep-2025,UNPAID,False
26770110100915001188,576542,300,0,993,Sep-2025,UNPAID,False
26770110100915001187,576528,300,0,993,Sep-2025,UNPAID,False
26770110100915001186,576507,300,0,993,Sep-2025,UNPAID,False
26770110100915001185,576493,200,0,662,Sep-2025,UNPAID,False
26770110100915001184,576488,300,0,993,Sep-2025,UNPAID,False
26770110100915001183,576471,300,0,993,Sep-2025,UNPAID,False
26770110100915001182,576457,300,0,993,Sep-2025,UNPAID,False
26770110100915001181,576432,400,0,1324,Sep-2025,UNPAID,False
26770110100915001180,576429,300,0,993,Sep-2025,UNPAID,False
26770110100915001179,576427,200,0,662,Sep-2025,UNPAID,False
26770110100915001178,576424,200,0,662,Sep-2025,UNPAID,False
26770110100915001177,576417,300,0,993,Sep-2025,UNPAID,False
26770110100915001176,576397,300,0,993,Sep-2025,UNPAID,False
26770110100915001175,576393,200,0,662,Sep-2025,UNPAID,False
26770110100915001174,576382,300,0,993,Sep-2025,UNPAID,False
26770110100915001173,576362,300,0,993,Sep-2025,UNPAID,False
26770110100915001172,576349,300,0,993,Sep-2025,UNPAID,False
26770110100915001171,576318,300,0,993,Sep-2025,UNPAID,False
26770110100915001170,576316,200,0,662,Sep-2025,UNPAID,False
26770110100915001169,576299,300,0,993,Sep-2025,UNPAID,False
26770110100915001168,576281,300,0,993,Sep-2025,UNPAID,False
26770110100915001167,576259,300,0,993,Sep-2025,UNPAID,False
26770110100915001166,576235,300,0,993,Sep-2025,UNPAID,False
26770110100915001165,576234,200,0,662,Sep-2025,UNPAID,False
26770110100915001164,576184,300,0,993,Sep-2025,UNPAID,False
26770110100915001163,576167,300,0,993,Sep-2025,UNPAID,False
26770110100915001162,576145,300,0,993,Sep-2025,UNPAID,False
26770110100915001161,576125,300,0,993,Sep-2025,UNPAID,False
26770110100915001160,576096,300,0,993,Sep-2025,UNPAID,False
26770110100915001159,576059,200,0,662,Sep-2025,UNPAID,False
26770110100915001158,576052,300,0,993,Sep-2025,UNPAID,False
26770110100915001157,576042,200,0,662,Sep-2025,UNPAID,False
26770110100915001156,576021,300,0,993,Sep-2025,UNPAID,False
26770110100915001155,575979,300,0,993,Sep-2025,UNPAID,False
26770110100915001154,575976,200,0,662,Sep-2025,UNPAID,False
26770110100915001153,575945,300,0,993,Sep-2025,UNPAID,False
26770110100915001152,575943,200,0,662,Sep-2025,UNPAID,False
26770110100915001151,575937,300,0,993,Sep-2025,UNPAID,False
26770110100915001150,575914,300,0,993,Sep-2025,UNPAID,False
26770110100915001149,575888,300,0,993,Sep-2025,UNPAID,False
26770110100915001148,575861,300,0,993,Sep-2025,UNPAID,False
26770110100915001147,575843,200,0,662,Sep-2025,UNPAID,False
26770110100915001146,575832,300,0,993,Sep-2025,UNPAID,False
26770110100915001145,575793,300,0,993,Sep-2025,UNPAID,False
26770110100915001144,575782,200,0,662,Sep-2025,UNPAID,False
26770110100915001143,575756,300,0,993,Sep-2025,UNPAID,False
26770110100915001142,575720,300,0,993,Sep-2025,UNPAID,False
26770110100915001141,575707,200,0,662,Sep-2025,UNPAID,False
26770110100915001140,575687,300,0,993,Sep-2025,UNPAID,False
26770110100915001139,575648,300,0,993,Sep-2025,UNPAID,False
26770110100915001138,575616,300,0,993,Sep-2025,UNPAID,False
26770110100915001137,575592,300,0,993,Sep-2025,UNPAID,False
26770110100915001136,575567,300,0,993,Sep-2025,UNPAID,False
26770110100915001135,575564,300,0,993,Sep-2025,UNPAID,False
26770110100915001134,575499,300,0,993,Sep-2025,UNPAID,False
26770110100915001133,575342,200,0,662,Sep-2025,UNPAID,False
26770110100915001132,575337,400,0,1324,Sep-2025,UNPAID,False
26770110100915001131,575177,300,0,993,Sep-2025,UNPAID,False
26770110100915001130,575051,300,0,993,Sep-2025,UNPAID,False
26770110100915001129,575047,200,0,662,Sep-2025,UNPAID,False
26770110100915001128,575035,300,0,993,Sep-2025,UNPAID,False
26770110100915001127,574893,300,0,993,Sep-2025,UNPAID,False
26770110100915001126,574786,200,0,662,Sep-2025,UNPAID,False
26770110100915001125,574751,300,0,993,Sep-2025,UNPAID,False
26770110100915001124,574621,300,0,993,Sep-2025,UNPAID,False
26770110100915001123,574315,200,0,662,Sep-2025,UNPAID,False
26770110100915001122,574231,200,0,662,Sep-2025,UNPAID,False
26770110100915001121,574210,300,0,993,Sep-2025,UNPAID,False
26770110100915001120,574198,200,0,662,Sep-2025,UNPAID,False
26770110100915001119,574045,200,0,662,Sep-2025,UNPAID,False
26770110100915001118,574041,200,0,662,Sep-2025,UNPAID,False
26770110100915001117,573853,300,0,993,Sep-2025,UNPAID,False
26770110100915001116,573776,200,0,662,Sep-2025,UNPAID,False
26770110100915001115,573643,200,0,662,Sep-2025,UNPAID,False
26770110100915001114,573529,300,0,993,Sep-2025,UNPAID,False
26770110100915001113,573497,200,0,662,Sep-2025,UNPAID,False
26770110100915001112,573289,300,0,993,Sep-2025,UNPAID,False
26770110100915001111,573197,400,0,1324,Sep-2025,UNPAID,False
26770110100915001110,573196,200,0,662,Sep-2025,UNPAID,False
26770110100915001109,573094,300,0,993,Sep-2025,UNPAID,False
26770110100915001108,572904,300,0,993,Sep-2025,UNPAID,False
26770110100915001107,572877,200,0,662,Sep-2025,UNPAID,False
26770110100915001106,572706,200,0,662,Sep-2025,UNPAID,False
26770110100915001105,572598,300,0,993,Sep-2025,UNPAID,False
26770110100915001104,572597,200,0,662,Sep-2025,UNPAID,False
26770110100915001103,572124,300,0,993,Sep-2025,UNPAID,False
26770110100915001102,572082,200,0,662,Sep-2025,UNPAID,False
26770110100915001101,572037,300,0,993,Sep-2025,UNPAID,False
26770110100915001100,571914,300,0,993,Sep-2025,UNPAID,False
26770110100915001099,571899,300,0,993,Sep-2025,UNPAID,False
26770110100915001098,571699,200,0,662,Sep-2025,UNPAID,False
26770110100915001097,571456,300,0,993,Sep-2025,UNPAID,False
26770110100915001096,571198,200,0,662,Sep-2025,UNPAID,False
26770110100915001095,571080,300,0,993,Sep-2025,UNPAID,False
26770110100915001094,570998,200,0,662,Sep-2025,UNPAID,False
26770110100915001093,569834,200,0,662,Sep-2025,UNPAID,False
26770110100915001092,569764,200,0,662,Sep-2025,UNPAID,False
26770110100915001091,568888,200,0,662,Sep-2025,UNPAID,False
26770110100915001090,568262,200,0,662,Sep-2025,UNPAID,False
26770110100915001089,567790,200,0,662,Sep-2025,UNPAID,False
26770110100915001088,567060,300,0,993,Sep-2025,UNPAID,False
26770110100915001087,566924,200,0,662,Sep-2025,UNPAID,False
26770110100915001086,566671,300,0,993,Sep-2025,UNPAID,False
26770110100915001085,566446,300,0,993,Sep-2025,UNPAID,False
26770110100915001084,566188,300,0,993,Sep-2025,UNPAID,False
26770110100915001083,566077,300,0,993,Sep-2025,UNPAID,False
26770110100915001082,565993,200,0,662,Sep-2025,UNPAID,False
26770110100915001081,565919,200,0,662,Sep-2025,UNPAID,False
26770110100915001080,564574,200,0,662,Sep-2025,UNPAID,False
26770110100915001079,564425,200,0,662,Sep-2025,UNPAID,False
26770110100915001078,563623,200,0,662,Sep-2025,UNPAID,False
26770110100915001077,563602,200,0,662,Sep-2025,UNPAID,False
26770110100915001076,563304,200,0,662,Sep-2025,UNPAID,False
26770110100915001075,562819,200,0,662,Sep-2025,UNPAID,False
26770110100915001074,562502,200,0,662,Sep-2025,UNPAID,False
26770110100915001073,562468,200,0,662,Sep-2025,UNPAID,False
26770110100915001072,562202,200,0,662,Sep-2025,UNPAID,False
26770110100915001071,561806,200,0,662,Sep-2025,UNPAID,False
26770110100915001070,561576,200,0,662,Sep-2025,UNPAID,False
26770110100915001069,561264,200,0,662,Sep-2025,UNPAID,False
26770110100915001068,559995,300,0,993,Sep-2025,UNPAID,False
26770110100915001067,559871,300,0,993,Sep-2025,UNPAID,False
26770110100915001066,559688,200,0,662,Sep-2025,UNPAID,False
26770110100915001065,559626,700,0,2317,Sep-2025,UNPAID,False
26770110100915001064,559326,300,0,993,Sep-2025,UNPAID,False
26770110100915001063,559153,300,0,993,Sep-2025,UNPAID,False
26770110100915001062,558838,200,0,662,Sep-2025,UNPAID,False
26770110100915001061,558564,300,0,993,Sep-2025,UNPAID,False
26770110100915001060,558467,200,0,662,Sep-2025,UNPAID,False
26770110100915001059,558414,300,0,993,Sep-2025,UNPAID,False
26770110100915001058,558243,300,0,993,Sep-2025,UNPAID,False
26770110100915001057,558160,300,0,993,Sep-2025,UNPAID,False
26770110100915001056,558134,200,0,662,Sep-2025,UNPAID,False
26770110100915001055,557582,300,0,993,Sep-2025,UNPAID,False
26770110100915001054,557469,300,0,993,Sep-2025,UNPAID,False
26770110100915001053,557447,300,0,993,Sep-2025,UNPAID,False
26770110100915001052,557201,700,0,2317,Sep-2025,UNPAID,False
26770110100915001051,557078,300,0,993,Sep-2025,UNPAID,False
26770110100915001050,557049,300,0,993,Sep-2025,UNPAID,False
26770110100915001049,556538,300,0,993,Sep-2025,UNPAID,False
26770110100915001048,556353,300,0,993,Sep-2025,UNPAID,False
26770110100915001047,556196,300,0,993,Sep-2025,UNPAID,False
26770110100915001046,553280,700,0,2317,Sep-2025,UNPAID,False
26770110100915001045,552870,700,0,2317,Sep-2025,UNPAID,False
26770110100915001044,552448,700,0,2317,Sep-2025,UNPAID,False
26770110100915001043,552248,700,0,2317,Sep-2025,UNPAID,False
26770110100915001042,552186,300,0,993,Sep-2025,UNPAID,False
26770110100915001041,552072,300,0,993,Sep-2025,UNPAID,False
26770110100915001040,552056,700,0,2317,Sep-2025,UNPAID,False
26770110100915001039,551932,300,0,993,Sep-2025,UNPAID,False
26770110100915001038,551927,700,0,2317,Sep-2025,UNPAID,False
26770110100915001037,551723,700,0,2317,Sep-2025,UNPAID,False
26770110100915001036,551691,300,0,993,Sep-2025,UNPAID,False
26770110100915001035,551540,700,0,2317,Sep-2025,UNPAID,False
26770110100915001034,551388,2000,0,6620,Sep-2025,UNPAID,False
26770110100915001033,551234,700,0,2317,Sep-2025,UNPAID,False
26770110100915001032,551037,700,0,2317,Sep-2025,UNPAID,False
26770110100915001031,549651,700,0,2317,Sep-2025,UNPAID,False
26770110100915001030,548476,700,0,2317,Sep-2025,UNPAID,False
26770110100915001029,548378,700,0,2317,Sep-2025,UNPAID,False
26770110100915001028,548212,700,0,2317,Sep-2025,UNPAID,False
26770110100915001027,548104,200,0,662,Sep-2025,UNPAID,False
26770110100915001026,548094,700,0,2317,Sep-2025,UNPAID,False
26770110100915001025,547886,700,0,2317,Sep-2025,UNPAID,False
26770110100915001024,547780,700,0,2317,Sep-2025,UNPAID,False
26770110100915001023,547675,700,0,2317,Sep-2025,UNPAID,False
26770110100915001022,547533,700,0,2317,Sep-2025,UNPAID,False
26770110100915001021,547518,200,0,662,Sep-2025,UNPAID,False
26770110100915001020,547372,300,0,993,Sep-2025,UNPAID,False
26770110100915001019,547355,700,0,2317,Sep-2025,UNPAID,False
26770110100915001018,547162,700,0,2317,Sep-2025,UNPAID,False
26770110100915001017,547102,200,0,662,Sep-2025,UNPAID,False
26770110100915001016,547055,300,0,993,Sep-2025,UNPAID,False
26770110100915001015,547037,700,0,2317,Sep-2025,UNPAID,False
26770110100915001014,546939,300,0,993,Sep-2025,UNPAID,False
26770110100915001013,546888,700,0,2317,Sep-2025,UNPAID,False
26770110100915001012,546764,300,0,993,Sep-2025,UNPAID,False
26770110100915001011,546736,700,0,2317,Sep-2025,UNPAID,False
26770110100915001010,546543,300,0,993,Sep-2025,UNPAID,False
26770110100915001009,546537,700,0,2317,Sep-2025,UNPAID,False
26770110100915001008,546460,700,0,2317,Sep-2025,UNPAID,False
26770110100915001007,546346,700,0,2317,Sep-2025,UNPAID,False
26770110100915001006,546313,300,0,993,Sep-2025,UNPAID,False
26770110100915001005,546268,700,0,2317,Sep-2025,UNPAID,False
26770110100915001004,546161,700,0,2317,Sep-2025,UNPAID,False
26770110100915001003,546119,300,0,993,Sep-2025,UNPAID,False
26770110100915001002,545972,300,0,993,Sep-2025,UNPAID,False
26770110100915001001,545774,300,0,993,Sep-2025,UNPAID,False
26770110100915001000,623161,500,0,1655,Sep-2025,UNPAID,False
26770110100915000999,623153,700,0,2317,Sep-2025,UNPAID,False
26770110100915000998,622697,700,0,2317,Sep-2025,UNPAID,False
26770110100915000997,622559,700,0,2317,Sep-2025,UNPAID,False
26770110100915000996,622543,700,0,2317,Sep-2025,UNPAID,False
26770110100915000995,622529,700,0,2317,Sep-2025,UNPAID,False
26770110100915000994,622505,700,0,2317,Sep-2025,UNPAID,False
26770110100915000993,622495,700,0,2317,Sep-2025,UNPAID,False
26770110100915000992,622485,700,0,2317,Sep-2025,UNPAID,False
26770110100915000991,622465,700,0,2317,Sep-2025,UNPAID,False
26770110100915000990,622451,700,0,2317,Sep-2025,UNPAID,False
26770110100915000989,622440,700,0,2317,Sep-2025,UNPAID,False
26770110100915000988,622426,700,0,2317,Sep-2025,UNPAID,False
26770110100915000987,622405,700,0,2317,Sep-2025,UNPAID,False
26770110100915000986,622400,700,0,2317,Sep-2025,UNPAID,False
26770110100915000985,622353,300,0,993,Sep-2025,UNPAID,False
26770110100915000984,622344,300,0,993,Sep-2025,UNPAID,False
26770110100915000983,622339,300,0,993,Sep-2025,UNPAID,False
26770110100915000982,622332,300,0,993,Sep-2025,UNPAID,False
26770110100915000981,622304,300,0,993,Sep-2025,UNPAID,False
26770110100915000980,622292,300,0,993,Sep-2025,UNPAID,False
26770110100915000979,622284,300,0,993,Sep-2025,UNPAID,False
26770110100915000978,622270,300,0,993,Sep-2025,UNPAID,False
26770110100915000977,622263,300,0,993,Sep-2025,UNPAID,False
26770110100915000976,622255,300,0,993,Sep-2025,UNPAID,False
26770110100915000975,622248,300,0,993,Sep-2025,UNPAID,False
26770110100915000974,622243,300,0,993,Sep-2025,UNPAID,False
26770110100915000973,622238,300,0,993,Sep-2025,UNPAID,False
26770110100915000972,622233,300,0,993,Sep-2025,UNPAID,False
26770110100915000971,618665,300,0,993,Sep-2025,UNPAID,False
26770110100915000970,618663,300,0,993,Sep-2025,UNPAID,False
26770110100915000969,618657,1000,0,3310,Sep-2025,UNPAID,False
26770110100915000968,618655,1000,0,3310,Sep-2025,UNPAID,False
26770110100915000967,613769,2000,0,6620,Sep-2025,UNPAID,False
26770110100915000966,613278,300,0,993,Sep-2025,UNPAID,False
26770110100915000965,613271,300,0,993,Sep-2025,UNPAID,False
26770110100915000964,613188,300,0,993,Sep-2025,UNPAID,False
26770110100915000963,613146,300,0,993,Sep-2025,UNPAID,False
26770110100915000962,612848,300,0,993,Sep-2025,UNPAID,False
26770110100915000961,612706,300,0,993,Sep-2025,UNPAID,False
26770110100915000960,612419,300,0,993,Sep-2025,UNPAID,False
26770110100915000959,612319,300,0,993,Sep-2025,UNPAID,False
26770110100915000958,612178,300,0,993,Sep-2025,UNPAID,False
26770110100915000957,612088,300,0,993,Sep-2025,UNPAID,False
26770110100915000956,612025,300,0,993,Sep-2025,UNPAID,False
26770110100915000955,611906,300,0,993,Sep-2025,UNPAID,False
26770110100915000954,611843,300,0,993,Sep-2025,UNPAID,False
26770110100915000953,611708,300,0,993,Sep-2025,UNPAID,False
26770110100915000952,611520,300,0,993,Sep-2025,UNPAID,False
26770110100915000951,611417,300,0,993,Sep-2025,UNPAID,False
26770110100915000950,611289,300,0,993,Sep-2025,UNPAID,False
26770110100915000949,611225,300,0,993,Sep-2025,UNPAID,False
26770110100915000948,610952,200,0,662,Sep-2025,UNPAID,False
26770110100915000947,610921,300,0,993,Sep-2025,UNPAID,False
26770110100915000946,610829,300,0,993,Sep-2025,UNPAID,False
26770110100915000945,610702,200,0,662,Sep-2025,UNPAID,False
26770110100915000944,610600,300,0,993,Sep-2025,UNPAID,False
26770110100915000943,610404,300,0,993,Sep-2025,UNPAID,False
26770110100915000942,610401,200,0,662,Sep-2025,UNPAID,False
26770110100915000941,610293,300,0,993,Sep-2025,UNPAID,False
26770110100915000940,610174,200,0,662,Sep-2025,UNPAID,False
26770110100915000939,609457,300,0,993,Sep-2025,UNPAID,False
26770110100915000938,608436,300,0,993,Sep-2025,UNPAID,False
26770110100915000937,608425,200,0,662,Sep-2025,UNPAID,False
26770110100915000936,608359,300,0,993,Sep-2025,UNPAID,False
26770110100915000935,608279,300,0,993,Sep-2025,UNPAID,False
26770110100915000934,608125,300,0,993,Sep-2025,UNPAID,False
26770110100915000933,607985,300,0,993,Sep-2025,UNPAID,False
26770110100915000932,607842,300,0,993,Sep-2025,UNPAID,False
26770110100915000931,607690,300,0,993,Sep-2025,UNPAID,False
26770110100915000930,607684,200,0,662,Sep-2025,UNPAID,False
26770110100915000929,607482,300,0,993,Sep-2025,UNPAID,False
26770110100915000928,607319,300,0,993,Sep-2025,UNPAID,False
26770110100915000927,607185,300,0,993,Sep-2025,UNPAID,False
26770110100915000926,606996,300,0,993,Sep-2025,UNPAID,False
26770110100915000925,606873,300,0,993,Sep-2025,UNPAID,False
26770110100915000924,606625,300,0,993,Sep-2025,UNPAID,False
26770110100915000923,604336,300,0,993,Sep-2025,UNPAID,False
26770110100915000922,603820,300,0,993,Sep-2025,UNPAID,False
26770110100915000921,603734,300,0,993,Sep-2025,UNPAID,False
26770110100915000920,603690,300,0,993,Sep-2025,UNPAID,False
26770110100915000919,603568,300,0,993,Sep-2025,UNPAID,False
26770110100915000918,603374,300,0,993,Sep-2025,UNPAID,False
26770110100915000917,603282,300,0,993,Sep-2025,UNPAID,False
26770110100915000916,603249,300,0,993,Sep-2025,UNPAID,False
26770110100915000915,603157,200,0,662,Sep-2025,UNPAID,False
26770110100915000914,603114,300,0,993,Sep-2025,UNPAID,False
26770110100915000913,602968,300,0,993,Sep-2025,UNPAID,False
26770110100915000912,602907,300,0,993,Sep-2025,UNPAID,False
26770110100915000911,602742,300,0,993,Sep-2025,UNPAID,False
26770110100915000910,602637,200,0,662,Sep-2025,UNPAID,False
26770110100915000909,602625,300,0,993,Sep-2025,UNPAID,False
26770110100915000908,602412,300,0,993,Sep-2025,UNPAID,False
26770110100915000907,602364,200,0,662,Sep-2025,UNPAID,False
26770110100915000906,602298,300,0,993,Sep-2025,UNPAID,False
26770110100915000905,602198,300,0,993,Sep-2025,UNPAID,False
26770110100915000904,601992,300,0,993,Sep-2025,UNPAID,False
26770110100915000903,601952,300,0,993,Sep-2025,UNPAID,False
26770110100915000902,601797,300,0,993,Sep-2025,UNPAID,False
26770110100915000901,601219,300,0,993,Sep-2025,UNPAID,False
26770110100915000900,601104,300,0,993,Sep-2025,UNPAID,False
26770110100915000899,600845,300,0,993,Sep-2025,UNPAID,False
26770110100915000898,600528,300,0,993,Sep-2025,UNPAID,False
26770110100915000897,600304,300,0,993,Sep-2025,UNPAID,False
26770110100915000896,599752,300,0,993,Sep-2025,UNPAID,False
26770110100915000895,599654,300,0,993,Sep-2025,UNPAID,False
26770110100915000894,599423,300,0,993,Sep-2025,UNPAID,False
26770110100915000893,599045,300,0,993,Sep-2025,UNPAID,False
26770110100915000892,598527,300,0,993,Sep-2025,UNPAID,False
26770110100915000891,598407,300,0,993,Sep-2025,UNPAID,False
26770110100915000890,597936,300,0,993,Sep-2025,UNPAID,False
26770110100915000889,597816,300,0,993,Sep-2025,UNPAID,False
26770110100915000888,597607,300,0,993,Sep-2025,UNPAID,False
26770110100915000887,596338,300,0,993,Sep-2025,UNPAID,False
26770110100915000886,596212,300,0,993,Sep-2025,UNPAID,False
26770110100915000885,596033,300,0,993,Sep-2025,UNPAID,False
26770110100915000884,595849,300,0,993,Sep-2025,UNPAID,False
26770110100915000883,595690,300,0,993,Sep-2025,UNPAID,False
26770110100915000882,595395,300,0,993,Sep-2025,UNPAID,False
26770110100915000881,595245,300,0,993,Sep-2025,UNPAID,False
26770110100915000880,595067,300,0,993,Sep-2025,UNPAID,False
26770110100915000879,594965,300,0,993,Sep-2025,UNPAID,False
26770110100915000878,594862,300,0,993,Sep-2025,UNPAID,False
26770110100915000877,590418,200,0,662,Sep-2025,UNPAID,False
26770110100915000876,590417,200,0,662,Sep-2025,UNPAID,False
26770110100915000875,590115,1000,0,3310,Sep-2025,UNPAID,False
26770110100915000874,588729,200,0,662,Sep-2025,UNPAID,False
26770110100915000873,588454,200,0,662,Sep-2025,UNPAID,False
26770110100915000872,588112,200,0,662,Sep-2025,UNPAID,False
26770110100915000871,588058,500,0,1655,Sep-2025,UNPAID,False
26770110100915000870,587911,500,0,1655,Sep-2025,UNPAID,False
26770110100915000869,587711,500,0,1655,Sep-2025,UNPAID,False
26770110100915000868,587653,500,0,1655,Sep-2025,UNPAID,False
26770110100915000867,587473,500,0,1655,Sep-2025,UNPAID,False
26770110100915000866,587390,300,0,993,Sep-2025,UNPAID,False
26770110100915000865,587323,500,0,1655,Sep-2025,UNPAID,False
26770110100915000864,587219,500,0,1655,Sep-2025,UNPAID,False
26770110100915000863,587061,500,0,1655,Sep-2025,UNPAID,False
26770110100915000862,587039,200,0,662,Sep-2025,UNPAID,False
26770110100915000861,587023,500,0,1655,Sep-2025,UNPAID,False
26770110100915000860,586936,500,0,1655,Sep-2025,UNPAID,False
26770110100915000859,586909,200,0,662,Sep-2025,UNPAID,False
26770110100915000858,586795,3000,0,9930,Sep-2025,UNPAID,False
26770110100915000857,586719,300,0,993,Sep-2025,UNPAID,False
26770110100915000856,586622,500,0,1655,Sep-2025,UNPAID,False
26770110100915000855,586601,300,0,993,Sep-2025,UNPAID,False
26770110100915000854,586460,300,0,993,Sep-2025,UNPAID,False
26770110100915000853,586447,500,0,1655,Sep-2025,UNPAID,False
26770110100915000852,586395,500,0,1655,Sep-2025,UNPAID,False
26770110100915000851,586367,200,0,662,Sep-2025,UNPAID,False
26770110100915000850,586304,1000,0,3310,Sep-2025,UNPAID,False
26770110100915000849,586042,3000,0,9930,Sep-2025,UNPAID,False
26770110100915000848,585911,500,0,1655,Sep-2025,UNPAID,False
26770110100915000847,585830,500,0,1655,Sep-2025,UNPAID,False
26770110100915000846,585793,200,0,662,Sep-2025,UNPAID,False
26770110100915000845,585779,500,0,1655,Sep-2025,UNPAID,False
26770110100915000844,585716,500,0,1655,Sep-2025,UNPAID,False
26770110100915000843,585642,500,0,1655,Sep-2025,UNPAID,False
26770110100915000842,585573,200,0,662,Sep-2025,UNPAID,False
26770110100915000841,585548,500,0,1655,Sep-2025,UNPAID,False
26770110100915000840,585535,300,0,993,Sep-2025,UNPAID,False
26770110100915000839,585439,1000,0,3310,Sep-2025,UNPAID,False
26770110100915000838,585370,500,0,1655,Sep-2025,UNPAID,False
26770110100915000837,585258,500,0,1655,Sep-2025,UNPAID,False
26770110100915000836,585184,500,0,1655,Sep-2025,UNPAID,False
26770110100915000835,585078,500,0,1655,Sep-2025,UNPAID,False
26770110100915000834,584992,500,0,1655,Sep-2025,UNPAID,False
26770110100915000833,584952,500,0,1655,Sep-2025,UNPAID,False
26770110100915000832,584802,500,0,1655,Sep-2025,UNPAID,False
26770110100915000831,584756,500,0,1655,Sep-2025,UNPAID,False
26770110100915000830,584702,500,0,1655,Sep-2025,UNPAID,False
26770110100915000829,584696,300,0,993,Sep-2025,UNPAID,False
26770110100915000828,584662,200,0,662,Sep-2025,UNPAID,False
26770110100915000827,584641,500,0,1655,Sep-2025,UNPAID,False
26770110100915000826,584622,300,0,993,Sep-2025,UNPAID,False
26770110100915000825,584545,300,0,993,Sep-2025,UNPAID,False
26770110100915000824,584450,200,0,662,Sep-2025,UNPAID,False
26770110100915000823,584437,300,0,993,Sep-2025,UNPAID,False
26770110100915000822,584389,300,0,993,Sep-2025,UNPAID,False
26770110100915000821,584318,1000,0,3310,Sep-2025,UNPAID,False
26770110100915000820,584271,300,0,993,Sep-2025,UNPAID,False
26770110100915000819,584197,500,0,1655,Sep-2025,UNPAID,False
26770110100915000818,584193,200,0,662,Sep-2025,UNPAID,False
26770110100915000817,584179,300,0,993,Sep-2025,UNPAID,False
26770110100915000816,584147,300,0,993,Sep-2025,UNPAID,False
26770110100915000815,584127,500,0,1655,Sep-2025,UNPAID,False
26770110100915000814,584093,300,0,993,Sep-2025,UNPAID,False
26770110100915000813,584036,300,0,993,Sep-2025,UNPAID,False
26770110100915000812,584004,300,0,993,Sep-2025,UNPAID,False
26770110100915000811,583988,300,0,993,Sep-2025,UNPAID,False
26770110100915000810,583977,500,0,1655,Sep-2025,UNPAID,False
26770110100915000809,583919,1000,0,3310,Sep-2025,UNPAID,False
26770110100915000808,583902,300,0,993,Sep-2025,UNPAID,False
26770110100915000807,583890,300,0,993,Sep-2025,UNPAID,False
26770110100915000806,583874,500,0,1655,Sep-2025,UNPAID,False
26770110100915000805,583835,300,0,993,Sep-2025,UNPAID,False
26770110100915000804,583790,500,0,1655,Sep-2025,UNPAID,False
26770110100915000803,583783,300,0,993,Sep-2025,UNPAID,False
26770110100915000802,583750,500,0,1655,Sep-2025,UNPAID,False
26770110100915000801,583749,300,0,993,Sep-2025,UNPAID,False
26770110100915000800,583722,500,0,1655,Sep-2025,UNPAID,False
26770110100915000799,583709,300,0,993,Sep-2025,UNPAID,False
26770110100915000798,583698,500,0,1655,Sep-2025,UNPAID,False
26770110100915000797,583690,300,0,993,Sep-2025,UNPAID,False
26770110100915000796,583672,300,0,993,Sep-2025,UNPAID,False
26770110100915000795,583630,300,0,993,Sep-2025,UNPAID,False
26770110100915000794,582843,300,0,993,Sep-2025,UNPAID,False
26770110100915000793,582825,300,0,993,Sep-2025,UNPAID,False
26770110100915000792,582815,300,0,993,Sep-2025,UNPAID,False
26770110100915000791,582810,300,0,993,Sep-2025,UNPAID,False
26770110100915000790,582806,300,0,993,Sep-2025,UNPAID,False
26770110100915000789,582796,300,0,993,Sep-2025,UNPAID,False
26770110100915000788,582788,300,0,993,Sep-2025,UNPAID,False
26770110100915000787,582772,700,0,2317,Sep-2025,UNPAID,False
26770110100915000786,582754,300,0,993,Sep-2025,UNPAID,False
26770110100915000785,582749,300,0,993,Sep-2025,UNPAID,False
26770110100915000784,582748,700,0,2317,Sep-2025,UNPAID,False
26770110100915000783,582739,700,0,2317,Sep-2025,UNPAID,False
26770110100915000782,582737,300,0,993,Sep-2025,UNPAID,False
26770110100915000781,582732,300,0,993,Sep-2025,UNPAID,False
26770110100915000780,582720,300,0,993,Sep-2025,UNPAID,False
26770110100915000779,582717,300,0,993,Sep-2025,UNPAID,False
26770110100915000778,582712,300,0,993,Sep-2025,UNPAID,False
26770110100915000777,582707,300,0,993,Sep-2025,UNPAID,False
26770110100915000776,582705,300,0,993,Sep-2025,UNPAID,False
26770110100915000775,582702,300,0,993,Sep-2025,UNPAID,False
26770110100915000774,582700,300,0,993,Sep-2025,UNPAID,False
26770110100915000773,582699,300,0,993,Sep-2025,UNPAID,False
26770110100915000772,582696,300,0,993,Sep-2025,UNPAID,False
26770110100915000771,582694,300,0,993,Sep-2025,UNPAID,False
26770110100915000770,582692,300,0,993,Sep-2025,UNPAID,False
26770110100915000769,582690,300,0,993,Sep-2025,UNPAID,False
26770110100915000768,582689,300,0,993,Sep-2025,UNPAID,False
26770110100915000767,582683,300,0,993,Sep-2025,UNPAID,False
26770110100915000766,582682,300,0,993,Sep-2025,UNPAID,False
26770110100915000765,582681,300,0,993,Sep-2025,UNPAID,False
26770110100915000764,582680,300,0,993,Sep-2025,UNPAID,False
26770110100915000763,582679,300,0,993,Sep-2025,UNPAID,False
26770110100915000762,582678,300,0,993,Sep-2025,UNPAID,False
26770110100915000761,582677,300,0,993,Sep-2025,UNPAID,False
26770110100915000760,577467,300,0,993,Sep-2025,UNPAID,False
26770110100915000759,577461,300,0,993,Sep-2025,UNPAID,False
26770110100915000758,577456,300,0,993,Sep-2025,UNPAID,False
26770110100915000757,577452,300,0,993,Sep-2025,UNPAID,False
26770110100915000756,577447,300,0,993,Sep-2025,UNPAID,False
26770110100915000755,577442,300,0,993,Sep-2025,UNPAID,False
26770110100915000754,577403,300,0,993,Sep-2025,UNPAID,False
26770110100915000753,577399,300,0,993,Sep-2025,UNPAID,False
26770110100915000752,577392,300,0,993,Sep-2025,UNPAID,False
26770110100915000751,577387,300,0,993,Sep-2025,UNPAID,False
26770110100915000750,646542,200,0,662,Sep-2025,UNPAID,False
26770110100915000749,645872,300,0,993,Sep-2025,UNPAID,False
26770110100915000748,645750,300,0,993,Sep-2025,UNPAID,False
26770110100915000747,645701,300,0,993,Sep-2025,UNPAID,False
26770110100915000746,645563,300,0,993,Sep-2025,UNPAID,False
26770110100915000745,645440,300,0,993,Sep-2025,UNPAID,False
26770110100915000744,645406,300,0,993,Sep-2025,UNPAID,False
26770110100915000743,645396,300,0,993,Sep-2025,UNPAID,False
26770110100915000742,645300,300,0,993,Sep-2025,UNPAID,False
26770110100915000741,645203,300,0,993,Sep-2025,UNPAID,False
26770110100915000740,644967,200,0,662,Sep-2025,UNPAID,False
26770110100915000739,644728,200,0,662,Sep-2025,UNPAID,False
26770110100915000738,644568,200,0,662,Sep-2025,UNPAID,False
26770110100915000737,644456,200,0,662,Sep-2025,UNPAID,False
26770110100915000736,644271,200,0,662,Sep-2025,UNPAID,False
26770110100915000735,644175,200,0,662,Sep-2025,UNPAID,False
26770110100915000734,644029,200,0,662,Sep-2025,UNPAID,False
26770110100915000733,643490,200,0,662,Sep-2025,UNPAID,False
26770110100915000732,643374,200,0,662,Sep-2025,UNPAID,False
26770110100915000731,643113,200,0,662,Sep-2025,UNPAID,False
26770110100915000730,642698,200,0,662,Sep-2025,UNPAID,False
26770110100915000729,642515,200,0,662,Sep-2025,UNPAID,False
26770110100915000728,642094,200,0,662,Sep-2025,UNPAID,False
26770110100915000727,641748,200,0,662,Sep-2025,UNPAID,False
26770110100915000726,641566,200,0,662,Sep-2025,UNPAID,False
26770110100915000725,641339,300,0,993,Sep-2025,UNPAID,False
26770110100915000724,640702,300,0,993,Sep-2025,UNPAID,False
26770110100915000723,640570,300,0,993,Sep-2025,UNPAID,False
26770110100915000722,640362,300,0,993,Sep-2025,UNPAID,False
26770110100915000721,640302,300,0,993,Sep-2025,UNPAID,False
26770110100915000720,640066,300,0,993,Sep-2025,UNPAID,False
26770110100915000719,639959,300,0,993,Sep-2025,UNPAID,False
26770110100915000718,639861,300,0,993,Sep-2025,UNPAID,False
26770110100915000717,639668,300,0,993,Sep-2025,UNPAID,False
26770110100915000716,639562,300,0,993,Sep-2025,UNPAID,False
26770110100915000715,639479,300,0,993,Sep-2025,UNPAID,False
26770110100915000714,639406,300,0,993,Sep-2025,UNPAID,False
26770110100915000713,639404,300,0,993,Sep-2025,UNPAID,False
26770110100915000712,639403,300,0,993,Sep-2025,UNPAID,False
26770110100915000711,639402,300,0,993,Sep-2025,UNPAID,False
26770110100915000710,639400,300,0,993,Sep-2025,UNPAID,False
26770110100915000709,639399,300,0,993,Sep-2025,UNPAID,False
26770110100915000708,639396,300,0,993,Sep-2025,UNPAID,False
26770110100915000707,639395,300,0,993,Sep-2025,UNPAID,False
26770110100915000706,639394,300,0,993,Sep-2025,UNPAID,False
26770110100915000705,639393,300,0,993,Sep-2025,UNPAID,False
26770110100915000704,639391,300,0,993,Sep-2025,UNPAID,False
26770110100915000703,639390,300,0,993,Sep-2025,UNPAID,False
26770110100915000702,639388,300,0,993,Sep-2025,UNPAID,False
26770110100915000701,639387,300,0,993,Sep-2025,UNPAID,False
26770110100915000700,639385,300,0,993,Sep-2025,UNPAID,False
26770110100915000699,639384,300,0,993,Sep-2025,UNPAID,False
26770110100915000698,639382,300,0,993,Sep-2025,UNPAID,False
26770110100915000697,639381,300,0,993,Sep-2025,UNPAID,False
26770110100915000696,639380,300,0,993,Sep-2025,UNPAID,False
26770110100915000695,639379,300,0,993,Sep-2025,UNPAID,False
26770110100915000694,639378,300,0,993,Sep-2025,UNPAID,False
26770110100915000693,639377,300,0,993,Sep-2025,UNPAID,False
26770110100915000692,639365,300,0,993,Sep-2025,UNPAID,False
26770110100915000691,639364,300,0,993,Sep-2025,UNPAID,False
26770110100915000690,636603,200,0,662,Sep-2025,UNPAID,False
26770110100915000689,636456,200,0,662,Sep-2025,UNPAID,False
26770110100915000688,636328,200,0,662,Sep-2025,UNPAID,False
26770110100915000687,636175,300,0,993,Sep-2025,UNPAID,False
26770110100915000686,636096,300,0,993,Sep-2025,UNPAID,False
26770110100915000685,636074,700,0,2317,Sep-2025,UNPAID,False
26770110100915000684,635936,200,0,662,Sep-2025,UNPAID,False
26770110100915000683,635932,300,0,993,Sep-2025,UNPAID,False
26770110100915000682,635866,300,0,993,Sep-2025,UNPAID,False
26770110100915000681,635685,300,0,993,Sep-2025,UNPAID,False
26770110100915000680,635566,200,0,662,Sep-2025,UNPAID,False
26770110100915000679,635521,300,0,993,Sep-2025,UNPAID,False
26770110100915000678,635430,200,0,662,Sep-2025,UNPAID,False
26770110100915000677,635362,300,0,993,Sep-2025,UNPAID,False
26770110100915000676,635271,300,0,993,Sep-2025,UNPAID,False
26770110100915000675,635226,300,0,993,Sep-2025,UNPAID,False
26770110100915000674,635202,200,0,662,Sep-2025,UNPAID,False
26770110100915000673,635090,300,0,993,Sep-2025,UNPAID,False
26770110100915000672,635089,200,0,662,Sep-2025,UNPAID,False
26770110100915000671,634976,300,0,993,Sep-2025,UNPAID,False
26770110100915000670,634923,200,0,662,Sep-2025,UNPAID,False
26770110100915000669,634915,300,0,993,Sep-2025,UNPAID,False
26770110100915000668,634778,300,0,993,Sep-2025,UNPAID,False
26770110100915000667,634608,200,0,662,Sep-2025,UNPAID,False
26770110100915000666,634418,200,0,662,Sep-2025,UNPAID,False
26770110100915000665,634269,200,0,662,Sep-2025,UNPAID,False
26770110100915000664,634049,200,0,662,Sep-2025,UNPAID,False
26770110100915000663,633588,200,0,662,Sep-2025,UNPAID,False
26770110100915000662,633295,200,0,662,Sep-2025,UNPAID,False
26770110100915000661,633144,200,0,662,Sep-2025,UNPAID,False
26770110100915000660,633020,200,0,662,Sep-2025,UNPAID,False
26770110100915000659,632798,200,0,662,Sep-2025,UNPAID,False
26770110100915000658,632555,200,0,662,Sep-2025,UNPAID,False
26770110100915000657,632448,300,0,993,Sep-2025,UNPAID,False
26770110100915000656,632380,300,0,993,Sep-2025,UNPAID,False
26770110100915000655,632326,300,0,993,Sep-2025,UNPAID,False
26770110100915000654,632281,200,0,662,Sep-2025,UNPAID,False
26770110100915000653,632134,300,0,993,Sep-2025,UNPAID,False
26770110100915000652,632065,300,0,993,Sep-2025,UNPAID,False
26770110100915000651,632000,200,0,662,Sep-2025,UNPAID,False
26770110100915000650,631992,300,0,993,Sep-2025,UNPAID,False
26770110100915000649,631871,200,0,662,Sep-2025,UNPAID,False
26770110100915000648,631822,300,0,993,Sep-2025,UNPAID,False
26770110100915000647,631718,300,0,993,Sep-2025,UNPAID,False
26770110100915000646,631633,200,0,662,Sep-2025,UNPAID,False
26770110100915000645,631063,300,0,993,Sep-2025,UNPAID,False
26770110100915000644,631020,300,0,993,Sep-2025,UNPAID,False
26770110100915000643,630953,300,0,993,Sep-2025,UNPAID,False
26770110100915000642,630901,300,0,993,Sep-2025,UNPAID,False
26770110100915000641,630684,200,0,662,Sep-2025,UNPAID,False
26770110100915000640,630616,2000,0,6620,Sep-2025,UNPAID,False
26770110100915000639,630419,300,0,993,Sep-2025,UNPAID,False
26770110100915000638,630349,300,0,993,Sep-2025,UNPAID,False
26770110100915000637,630289,300,0,993,Sep-2025,UNPAID,False
26770110100915000636,630209,300,0,993,Sep-2025,UNPAID,False
26770110100915000635,630207,300,0,993,Sep-2025,UNPAID,False
26770110100915000634,630205,300,0,993,Sep-2025,UNPAID,False
26770110100915000633,630204,300,0,993,Sep-2025,UNPAID,False
26770110100915000632,630203,300,0,993,Sep-2025,UNPAID,False
26770110100915000631,630202,300,0,993,Sep-2025,UNPAID,False
26770110100915000630,630201,300,0,993,Sep-2025,UNPAID,False
26770110100915000629,630199,300,0,993,Sep-2025,UNPAID,False
26770110100915000628,630198,300,0,993,Sep-2025,UNPAID,False
26770110100915000627,630197,700,0,2317,Sep-2025,UNPAID,False
26770110100915000626,630196,300,0,993,Sep-2025,UNPAID,False
26770110100915000625,630195,300,0,993,Sep-2025,UNPAID,False
26770110100915000624,630194,300,0,993,Sep-2025,UNPAID,False
26770110100915000623,630191,300,0,993,Sep-2025,UNPAID,False
26770110100915000622,630190,300,0,993,Sep-2025,UNPAID,False
26770110100915000621,630189,300,0,993,Sep-2025,UNPAID,False
26770110100915000620,630186,300,0,993,Sep-2025,UNPAID,False
26770110100915000619,628481,200,0,662,Sep-2025,UNPAID,False
26770110100915000618,628251,200,0,662,Sep-2025,UNPAID,False
26770110100915000617,627878,200,0,662,Sep-2025,UNPAID,False
26770110100915000616,627798,1000,0,3310,Sep-2025,UNPAID,False
26770110100915000615,627702,200,0,662,Sep-2025,UNPAID,False
26770110100915000614,627399,200,0,662,Sep-2025,UNPAID,False
26770110100915000613,627212,200,0,662,Sep-2025,UNPAID,False
26770110100915000612,627025,2000,0,6620,Sep-2025,UNPAID,False
26770110100915000611,626941,300,0,993,Sep-2025,UNPAID,False
26770110100915000610,626855,300,0,993,Sep-2025,UNPAID,False
26770110100915000609,626804,300,0,993,Sep-2025,UNPAID,False
26770110100915000608,626736,700,0,2317,Sep-2025,UNPAID,False
26770110100915000607,626661,300,0,993,Sep-2025,UNPAID,False
26770110100915000606,626571,300,0,993,Sep-2025,UNPAID,False
26770110100915000605,626505,300,0,993,Sep-2025,UNPAID,False
26770110100915000604,626451,300,0,993,Sep-2025,UNPAID,False
26770110100915000603,626399,300,0,993,Sep-2025,UNPAID,False
26770110100915000602,626213,300,0,993,Sep-2025,UNPAID,False
26770110100915000601,626129,300,0,993,Sep-2025,UNPAID,False
26770110100915000600,626077,500,0,1655,Sep-2025,UNPAID,False
26770110100915000599,626059,700,0,2317,Sep-2025,UNPAID,False
26770110100915000598,626033,500,0,1655,Sep-2025,UNPAID,False
26770110100915000597,625993,300,0,993,Sep-2025,UNPAID,False
26770110100915000596,625972,500,0,1655,Sep-2025,UNPAID,False
26770110100915000595,625928,2000,0,6620,Sep-2025,UNPAID,False
26770110100915000594,625886,1000,0,3310,Sep-2025,UNPAID,False
26770110100915000593,625808,700,0,2317,Sep-2025,UNPAID,False
26770110100915000592,625789,500,0,1655,Sep-2025,UNPAID,False
26770110100915000591,625761,2000,0,6620,Sep-2025,UNPAID,False
26770110100915000590,625736,500,0,1655,Sep-2025,UNPAID,False
26770110100915000589,625711,300,0,993,Sep-2025,UNPAID,False
26770110100915000588,625651,500,0,1655,Sep-2025,UNPAID,False
26770110100915000587,625613,500,0,1655,Sep-2025,UNPAID,False
26770110100915000586,625540,500,0,1655,Sep-2025,UNPAID,False
26770110100915000585,625486,500,0,1655,Sep-2025,UNPAID,False
26770110100915000584,625426,500,0,1655,Sep-2025,UNPAID,False
26770110100915000583,625395,500,0,1655,Sep-2025,UNPAID,False
26770110100915000582,625265,500,0,1655,Sep-2025,UNPAID,False
26770110100915000581,625145,500,0,1655,Sep-2025,UNPAID,False
26770110100915000580,625098,500,0,1655,Sep-2025,UNPAID,False
26770110100915000579,625057,500,0,1655,Sep-2025,UNPAID,False
26770110100915000578,625012,500,0,1655,Sep-2025,UNPAID,False
26770110100915000577,624898,500,0,1655,Sep-2025,UNPAID,False
26770110100915000576,624833,500,0,1655,Sep-2025,UNPAID,False
26770110100915000575,624800,2000,0,6620,Sep-2025,UNPAID,False
26770110100915000574,624787,500,0,1655,Sep-2025,UNPAID,False
26770110100915000573,624713,500,0,1655,Sep-2025,UNPAID,False
26770110100915000572,624632,500,0,1655,Sep-2025,UNPAID,False
26770110100915000571,624598,500,0,1655,Sep-2025,UNPAID,False
26770110100915000570,624564,500,0,1655,Sep-2025,UNPAID,False
26770110100915000569,624536,500,0,1655,Sep-2025,UNPAID,False
26770110100915000568,624530,300,0,993,Sep-2025,UNPAID,False
26770110100915000567,624489,500,0,1655,Sep-2025,UNPAID,False
26770110100915000566,624481,300,0,993,Sep-2025,UNPAID,False
26770110100915000565,624454,300,0,993,Sep-2025,UNPAID,False
26770110100915000564,624446,500,0,1655,Sep-2025,UNPAID,False
26770110100915000563,624427,2000,0,6620,Sep-2025,UNPAID,False
26770110100915000562,624422,500,0,1655,Sep-2025,UNPAID,False
26770110100915000561,624386,300,0,993,Sep-2025,UNPAID,False
26770110100915000560,624356,500,0,1655,Sep-2025,UNPAID,False
26770110100915000559,624327,300,0,993,Sep-2025,UNPAID,False
26770110100915000558,624269,300,0,993,Sep-2025,UNPAID,False
26770110100915000557,624251,500,0,1655,Sep-2025,UNPAID,False
26770110100915000556,624171,500,0,1655,Sep-2025,UNPAID,False
26770110100915000555,624139,300,0,993,Sep-2025,UNPAID,False
26770110100915000554,624094,500,0,1655,Sep-2025,UNPAID,False
26770110100915000553,624071,300,0,993,Sep-2025,UNPAID,False
26770110100915000552,624069,500,0,1655,Sep-2025,UNPAID,False
26770110100915000551,624046,500,0,1655,Sep-2025,UNPAID,False
26770110100915000550,624027,700,0,2317,Sep-2025,UNPAID,False
26770110100915000549,624002,500,0,1655,Sep-2025,UNPAID,False
26770110100915000548,623996,700,0,2317,Sep-2025,UNPAID,False
26770110100915000547,623933,500,0,1655,Sep-2025,UNPAID,False
26770110100915000546,623882,500,0,1655,Sep-2025,UNPAID,False
26770110100915000545,623864,300,0,993,Sep-2025,UNPAID,False
26770110100915000544,623852,500,0,1655,Sep-2025,UNPAID,False
26770110100915000543,623826,500,0,1655,Sep-2025,UNPAID,False
26770110100915000542,623815,300,0,993,Sep-2025,UNPAID,False
26770110100915000541,623750,300,0,993,Sep-2025,UNPAID,False
26770110100915000540,623739,500,0,1655,Sep-2025,UNPAID,False
26770110100915000539,623731,300,0,993,Sep-2025,UNPAID,False
26770110100915000538,623701,300,0,993,Sep-2025,UNPAID,False
26770110100915000537,623693,500,0,1655,Sep-2025,UNPAID,False
26770110100915000536,623669,500,0,1655,Sep-2025,UNPAID,False
26770110100915000535,623642,300,0,993,Sep-2025,UNPAID,False
26770110100915000534,623637,500,0,1655,Sep-2025,UNPAID,False
26770110100915000533,623617,300,0,993,Sep-2025,UNPAID,False
26770110100915000532,623614,700,0,2317,Sep-2025,UNPAID,False
26770110100915000531,623543,300,0,993,Sep-2025,UNPAID,False
26770110100915000530,623534,500,0,1655,Sep-2025,UNPAID,False
26770110100915000529,623526,700,0,2317,Sep-2025,UNPAID,False
26770110100915000528,623517,300,0,993,Sep-2025,UNPAID,False
26770110100915000527,623516,500,0,1655,Sep-2025,UNPAID,False
26770110100915000526,623488,700,0,2317,Sep-2025,UNPAID,False
26770110100915000525,623477,300,0,993,Sep-2025,UNPAID,False
26770110100915000524,623470,500,0,1655,Sep-2025,UNPAID,False
26770110100915000523,623443,500,0,1655,Sep-2025,UNPAID,False
26770110100915000522,623433,700,0,2317,Sep-2025,UNPAID,False
26770110100915000521,623419,300,0,993,Sep-2025,UNPAID,False
26770110100915000520,623414,500,0,1655,Sep-2025,UNPAID,False
26770110100915000519,623388,700,0,2317,Sep-2025,UNPAID,False
26770110100915000518,623387,500,0,1655,Sep-2025,UNPAID,False
26770110100915000517,623357,300,0,993,Sep-2025,UNPAID,False
26770110100915000516,623346,1000,0,3310,Sep-2025,UNPAID,False
26770110100915000515,623330,300,0,993,Sep-2025,UNPAID,False
26770110100915000514,623325,700,0,2317,Sep-2025,UNPAID,False
26770110100915000513,623319,300,0,993,Sep-2025,UNPAID,False
26770110100915000512,623312,500,0,1655,Sep-2025,UNPAID,False
26770110100915000511,623307,700,0,2317,Sep-2025,UNPAID,False
26770110100915000510,623292,300,0,993,Sep-2025,UNPAID,False
26770110100915000509,623275,700,0,2317,Sep-2025,UNPAID,False
26770110100915000508,623269,500,0,1655,Sep-2025,UNPAID,False
26770110100915000507,623250,2000,0,6620,Sep-2025,UNPAID,False
26770110100915000506,623243,3000,0,9930,Sep-2025,UNPAID,False
26770110100915000505,623242,700,0,2317,Sep-2025,UNPAID,False
26770110100915000504,623215,500,0,1655,Sep-2025,UNPAID,False
26770110100915000503,623208,700,0,2317,Sep-2025,UNPAID,False
26770110100915000502,623203,700,0,2317,Sep-2025,UNPAID,False
26770110100915000501,623187,500,0,1655,Sep-2025,UNPAID,False
26770110100915000500,701806,300,0,993,Sep-2025,UNPAID,False
26770110100915000499,701804,300,0,993,Sep-2025,UNPAID,False
26770110100915000498,701800,300,0,993,Sep-2025,UNPAID,False
26770110100915000497,701798,300,0,993,Sep-2025,UNPAID,False
26770110100915000496,701794,300,0,993,Sep-2025,UNPAID,False
26770110100915000495,701791,300,0,993,Sep-2025,UNPAID,False
26770110100915000494,687677,400,0,1324,Sep-2025,UNPAID,False
26770110100915000493,687211,300,0,993,Sep-2025,UNPAID,False
26770110100915000492,681456,500,0,1655,Sep-2025,UNPAID,False
26770110100915000491,681302,500,0,1655,Sep-2025,UNPAID,False
26770110100915000490,681257,500,0,1655,Sep-2025,UNPAID,False
26770110100915000489,681198,500,0,1655,Sep-2025,UNPAID,False
26770110100915000488,681140,500,0,1655,Sep-2025,UNPAID,False
26770110100915000487,681081,500,0,1655,Sep-2025,UNPAID,False
26770110100915000486,681032,500,0,1655,Sep-2025,UNPAID,False
26770110100915000485,680990,500,0,1655,Sep-2025,UNPAID,False
26770110100915000484,680944,500,0,1655,Sep-2025,UNPAID,False
26770110100915000483,680893,500,0,1655,Sep-2025,UNPAID,False
26770110100915000482,680818,500,0,1655,Sep-2025,UNPAID,False
26770110100915000481,680772,500,0,1655,Sep-2025,UNPAID,False
26770110100915000480,680684,500,0,1655,Sep-2025,UNPAID,False
26770110100915000479,680634,500,0,1655,Sep-2025,UNPAID,False
26770110100915000478,680413,3000,0,9930,Sep-2025,UNPAID,False
26770110100915000477,680296,1000,0,3310,Sep-2025,UNPAID,False
26770110100915000476,680242,500,0,1655,Sep-2025,UNPAID,False
26770110100915000475,680203,500,0,1655,Sep-2025,UNPAID,False
26770110100915000474,680165,500,0,1655,Sep-2025,UNPAID,False
26770110100915000473,680122,500,0,1655,Sep-2025,UNPAID,False
26770110100915000472,680086,500,0,1655,Sep-2025,UNPAID,False
26770110100915000471,680039,500,0,1655,Sep-2025,UNPAID,False
26770110100915000470,680005,500,0,1655,Sep-2025,UNPAID,False
26770110100915000469,679763,300,0,993,Sep-2025,UNPAID,False
26770110100915000468,679687,300,0,993,Sep-2025,UNPAID,False
26770110100915000467,679586,300,0,993,Sep-2025,UNPAID,False
26770110100915000466,679525,300,0,993,Sep-2025,UNPAID,False
26770110100915000465,679480,300,0,993,Sep-2025,UNPAID,False
26770110100915000464,679416,300,0,993,Sep-2025,UNPAID,False
26770110100915000463,679353,300,0,993,Sep-2025,UNPAID,False
26770110100915000462,679313,300,0,993,Sep-2025,UNPAID,False
26770110100915000461,679201,300,0,993,Sep-2025,UNPAID,False
26770110100915000460,679200,300,0,993,Sep-2025,UNPAID,False
26770110100915000459,678594,500,0,1655,Sep-2025,UNPAID,False
26770110100915000458,678564,500,0,1655,Sep-2025,UNPAID,False
26770110100915000457,678524,500,0,1655,Sep-2025,UNPAID,False
26770110100915000456,678487,500,0,1655,Sep-2025,UNPAID,False
26770110100915000455,678446,500,0,1655,Sep-2025,UNPAID,False
26770110100915000454,678402,500,0,1655,Sep-2025,UNPAID,False
26770110100915000453,678361,500,0,1655,Sep-2025,UNPAID,False
26770110100915000452,678335,500,0,1655,Sep-2025,UNPAID,False
26770110100915000451,678299,500,0,1655,Sep-2025,UNPAID,False
26770110100915000450,678262,500,0,1655,Sep-2025,UNPAID,False
26770110100915000449,678233,500,0,1655,Sep-2025,UNPAID,False
26770110100915000448,678169,500,0,1655,Sep-2025,UNPAID,False
26770110100915000447,678140,500,0,1655,Sep-2025,UNPAID,False
26770110100915000446,678097,500,0,1655,Sep-2025,UNPAID,False
26770110100915000445,678052,3000,0,9930,Sep-2025,UNPAID,False
26770110100915000444,677977,500,0,1655,Sep-2025,UNPAID,False
26770110100915000443,677829,500,0,1655,Sep-2025,UNPAID,False
26770110100915000442,677655,500,0,1655,Sep-2025,UNPAID,False
26770110100915000441,677591,500,0,1655,Sep-2025,UNPAID,False
26770110100915000440,677530,500,0,1655,Sep-2025,UNPAID,False
26770110100915000439,677502,500,0,1655,Sep-2025,UNPAID,False
26770110100915000438,677460,500,0,1655,Sep-2025,UNPAID,False
26770110100915000437,677420,500,0,1655,Sep-2025,UNPAID,False
26770110100915000436,677371,500,0,1655,Sep-2025,UNPAID,False
26770110100915000435,677330,500,0,1655,Sep-2025,UNPAID,False
26770110100915000434,677295,500,0,1655,Sep-2025,UNPAID,False
26770110100915000433,677290,300,0,993,Sep-2025,UNPAID,False
26770110100915000432,677268,500,0,1655,Sep-2025,UNPAID,False
26770110100915000431,677252,300,0,993,Sep-2025,UNPAID,False
26770110100915000430,677238,500,0,1655,Sep-2025,UNPAID,False
26770110100915000429,677219,300,0,993,Sep-2025,UNPAID,False
26770110100915000428,677214,500,0,1655,Sep-2025,UNPAID,False
26770110100915000427,677192,300,0,993,Sep-2025,UNPAID,False
26770110100915000426,677188,500,0,1655,Sep-2025,UNPAID,False
26770110100915000425,677175,300,0,993,Sep-2025,UNPAID,False
26770110100915000424,677150,500,0,1655,Sep-2025,UNPAID,False
26770110100915000423,677136,300,0,993,Sep-2025,UNPAID,False
26770110100915000422,677110,500,0,1655,Sep-2025,UNPAID,False
26770110100915000421,677106,300,0,993,Sep-2025,UNPAID,False
26770110100915000420,677077,500,0,1655,Sep-2025,UNPAID,False
26770110100915000419,677059,500,0,1655,Sep-2025,UNPAID,False
26770110100915000418,677005,500,0,1655,Sep-2025,UNPAID,False
26770110100915000417,676991,1000,0,3310,Sep-2025,UNPAID,False
26770110100915000416,676968,500,0,1655,Sep-2025,UNPAID,False
26770110100915000415,676937,500,0,1655,Sep-2025,UNPAID,False
26770110100915000414,676907,500,0,1655,Sep-2025,UNPAID,False
26770110100915000413,676866,500,0,1655,Sep-2025,UNPAID,False
26770110100915000412,676847,500,0,1655,Sep-2025,UNPAID,False
26770110100915000411,676819,500,0,1655,Sep-2025,UNPAID,False
26770110100915000410,676788,500,0,1655,Sep-2025,UNPAID,False
26770110100915000409,676765,500,0,1655,Sep-2025,UNPAID,False
26770110100915000408,676735,500,0,1655,Sep-2025,UNPAID,False
26770110100915000407,676722,500,0,1655,Sep-2025,UNPAID,False
26770110100915000406,676048,700,0,2317,Sep-2025,UNPAID,False
26770110100915000405,676032,300,0,993,Sep-2025,UNPAID,False
26770110100915000404,676016,300,0,993,Sep-2025,UNPAID,False
26770110100915000403,675989,300,0,993,Sep-2025,UNPAID,False
26770110100915000402,675883,300,0,993,Sep-2025,UNPAID,False
26770110100915000401,675826,700,0,2317,Sep-2025,UNPAID,False
26770110100915000400,675804,300,0,993,Sep-2025,UNPAID,False
26770110100915000399,675795,300,0,993,Sep-2025,UNPAID,False
26770110100915000398,675782,300,0,993,Sep-2025,UNPAID,False
26770110100915000397,675775,300,0,993,Sep-2025,UNPAID,False
26770110100915000396,675711,700,0,2317,Sep-2025,UNPAID,False
26770110100915000395,672366,300,0,993,Sep-2025,UNPAID,False
26770110100915000394,672334,300,0,993,Sep-2025,UNPAID,False
26770110100915000393,672094,300,0,993,Sep-2025,UNPAID,False
26770110100915000392,671956,300,0,993,Sep-2025,UNPAID,False
26770110100915000391,657511,300,0,993,Sep-2025,UNPAID,False
26770110100915000390,657317,300,0,993,Sep-2025,UNPAID,False
26770110100915000389,657206,300,0,993,Sep-2025,UNPAID,False
26770110100915000388,657112,300,0,993,Sep-2025,UNPAID,False
26770110100915000387,655138,200,0,662,Sep-2025,UNPAID,False
26770110100915000386,655100,200,0,662,Sep-2025,UNPAID,False
26770110100915000385,654607,300,0,993,Sep-2025,UNPAID,False
26770110100915000384,654503,200,0,662,Sep-2025,UNPAID,False
26770110100915000383,654492,400,0,1324,Sep-2025,UNPAID,False
26770110100915000382,654279,300,0,993,Sep-2025,UNPAID,False
26770110100915000381,654149,200,0,662,Sep-2025,UNPAID,False
26770110100915000380,653893,200,0,662,Sep-2025,UNPAID,False
26770110100915000379,653740,500,0,1655,Sep-2025,UNPAID,False
26770110100915000378,653701,500,0,1655,Sep-2025,UNPAID,False
26770110100915000377,653623,500,0,1655,Sep-2025,UNPAID,False
26770110100915000376,653576,500,0,1655,Sep-2025,UNPAID,False
26770110100915000375,653534,500,0,1655,Sep-2025,UNPAID,False
26770110100915000374,653506,400,0,1324,Sep-2025,UNPAID,False
26770110100915000373,653468,500,0,1655,Sep-2025,UNPAID,False
26770110100915000372,653417,500,0,1655,Sep-2025,UNPAID,False
26770110100915000371,653358,500,0,1655,Sep-2025,UNPAID,False
26770110100915000370,653325,1000,0,3310,Sep-2025,UNPAID,False
26770110100915000369,653266,500,0,1655,Sep-2025,UNPAID,False
26770110100915000368,653227,500,0,1655,Sep-2025,UNPAID,False
26770110100915000367,653148,500,0,1655,Sep-2025,UNPAID,False
26770110100915000366,653098,500,0,1655,Sep-2025,UNPAID,False
26770110100915000365,653068,500,0,1655,Sep-2025,UNPAID,False
26770110100915000364,653016,500,0,1655,Sep-2025,UNPAID,False
26770110100915000363,652952,500,0,1655,Sep-2025,UNPAID,False
26770110100915000362,652915,200,0,662,Sep-2025,UNPAID,False
26770110100915000361,652894,500,0,1655,Sep-2025,UNPAID,False
26770110100915000360,652870,500,0,1655,Sep-2025,UNPAID,False
26770110100915000359,652784,500,0,1655,Sep-2025,UNPAID,False
26770110100915000358,652721,3000,0,9930,Sep-2025,UNPAID,False
26770110100915000357,652657,500,0,1655,Sep-2025,UNPAID,False
26770110100915000356,652622,500,0,1655,Sep-2025,UNPAID,False
26770110100915000355,652564,500,0,1655,Sep-2025,UNPAID,False
26770110100915000354,652527,500,0,1655,Sep-2025,UNPAID,False
26770110100915000353,652493,500,0,1655,Sep-2025,UNPAID,False
26770110100915000352,652492,200,0,662,Sep-2025,UNPAID,False
26770110100915000351,652436,500,0,1655,Sep-2025,UNPAID,False
26770110100915000350,652422,300,0,993,Sep-2025,UNPAID,False
26770110100915000349,652373,500,0,1655,Sep-2025,UNPAID,False
26770110100915000348,652315,500,0,1655,Sep-2025,UNPAID,False
26770110100915000347,652264,500,0,1655,Sep-2025,UNPAID,False
26770110100915000346,652259,300,0,993,Sep-2025,UNPAID,False
26770110100915000345,652227,300,0,993,Sep-2025,UNPAID,False
26770110100915000344,652211,500,0,1655,Sep-2025,UNPAID,False
26770110100915000343,652197,300,0,993,Sep-2025,UNPAID,False
26770110100915000342,652183,500,0,1655,Sep-2025,UNPAID,False
26770110100915000341,652135,300,0,993,Sep-2025,UNPAID,False
26770110100915000340,652130,500,0,1655,Sep-2025,UNPAID,False
26770110100915000339,652097,500,0,1655,Sep-2025,UNPAID,False
26770110100915000338,652091,300,0,993,Sep-2025,UNPAID,False
26770110100915000337,652082,300,0,993,Sep-2025,UNPAID,False
26770110100915000336,652076,500,0,1655,Sep-2025,UNPAID,False
26770110100915000335,652055,300,0,993,Sep-2025,UNPAID,False
26770110100915000334,652051,500,0,1655,Sep-2025,UNPAID,False
26770110100915000333,652032,500,0,1655,Sep-2025,UNPAID,False
26770110100915000332,652023,300,0,993,Sep-2025,UNPAID,False
26770110100915000331,652012,500,0,1655,Sep-2025,UNPAID,False
26770110100915000330,652001,300,0,993,Sep-2025,UNPAID,False
26770110100915000329,651993,500,0,1655,Sep-2025,UNPAID,False
26770110100915000328,651919,500,0,1655,Sep-2025,UNPAID,False
26770110100915000327,651892,500,0,1655,Sep-2025,UNPAID,False
26770110100915000326,651842,500,0,1655,Sep-2025,UNPAID,False
26770110100915000325,651800,500,0,1655,Sep-2025,UNPAID,False
26770110100915000324,651765,500,0,1655,Sep-2025,UNPAID,False
26770110100915000323,651747,500,0,1655,Sep-2025,UNPAID,False
26770110100915000322,651724,500,0,1655,Sep-2025,UNPAID,False
26770110100915000321,651701,500,0,1655,Sep-2025,UNPAID,False
26770110100915000320,651679,500,0,1655,Sep-2025,UNPAID,False
26770110100915000319,651671,300,0,993,Sep-2025,UNPAID,False
26770110100915000318,651644,500,0,1655,Sep-2025,UNPAID,False
26770110100915000317,651630,500,0,1655,Sep-2025,UNPAID,False
26770110100915000316,651615,300,0,993,Sep-2025,UNPAID,False
26770110100915000315,651613,500,0,1655,Sep-2025,UNPAID,False
26770110100915000314,651589,500,0,1655,Sep-2025,UNPAID,False
26770110100915000313,651577,500,0,1655,Sep-2025,UNPAID,False
26770110100915000312,651563,500,0,1655,Sep-2025,UNPAID,False
26770110100915000311,651550,500,0,1655,Sep-2025,UNPAID,False
26770110100915000310,651527,3000,0,9930,Sep-2025,UNPAID,False
26770110100915000309,651498,300,0,993,Sep-2025,UNPAID,False
26770110100915000308,651450,300,0,993,Sep-2025,UNPAID,False
26770110100915000307,651411,300,0,993,Sep-2025,UNPAID,False
26770110100915000306,651382,300,0,993,Sep-2025,UNPAID,False
26770110100915000305,651335,300,0,993,Sep-2025,UNPAID,False
26770110100915000304,651314,300,0,993,Sep-2025,UNPAID,False
26770110100915000303,651285,300,0,993,Sep-2025,UNPAID,False
26770110100915000302,651174,300,0,993,Sep-2025,UNPAID,False
26770110100915000301,651159,300,0,993,Sep-2025,UNPAID,False
26770110100915000300,651156,300,0,993,Sep-2025,UNPAID,False
26770110100915000299,651146,300,0,993,Sep-2025,UNPAID,False
26770110100915000298,651129,300,0,993,Sep-2025,UNPAID,False
26770110100915000297,651112,300,0,993,Sep-2025,UNPAID,False
26770110100915000296,651089,300,0,993,Sep-2025,UNPAID,False
26770110100915000295,651035,300,0,993,Sep-2025,UNPAID,False
26770110100915000294,651016,300,0,993,Sep-2025,UNPAID,False
26770110100915000293,650987,300,0,993,Sep-2025,UNPAID,False
26770110100915000292,650961,300,0,993,Sep-2025,UNPAID,False
26770110100915000291,650925,300,0,993,Sep-2025,UNPAID,False
26770110100915000290,650911,300,0,993,Sep-2025,UNPAID,False
26770110100915000289,650902,300,0,993,Sep-2025,UNPAID,False
26770110100915000288,650888,300,0,993,Sep-2025,UNPAID,False
26770110100915000287,650875,300,0,993,Sep-2025,UNPAID,False
26770110100915000286,650865,300,0,993,Sep-2025,UNPAID,False
26770110100915000285,650853,300,0,993,Sep-2025,UNPAID,False
26770110100915000284,650835,300,0,993,Sep-2025,UNPAID,False
26770110100915000283,650824,300,0,993,Sep-2025,UNPAID,False
26770110100915000282,650796,300,0,993,Sep-2025,UNPAID,False
26770110100915000281,650771,300,0,993,Sep-2025,UNPAID,False
26770110100915000280,650610,700,0,2317,Sep-2025,UNPAID,False
26770110100915000279,650606,300,0,993,Sep-2025,UNPAID,False
26770110100915000278,650601,300,0,993,Sep-2025,UNPAID,False
26770110100915000277,650598,300,0,993,Sep-2025,UNPAID,False
26770110100915000276,650596,300,0,993,Sep-2025,UNPAID,False
26770110100915000275,650590,300,0,993,Sep-2025,UNPAID,False
26770110100915000274,650588,300,0,993,Sep-2025,UNPAID,False
26770110100915000273,650586,300,0,993,Sep-2025,UNPAID,False
26770110100915000272,650583,300,0,993,Sep-2025,UNPAID,False
26770110100915000271,650582,300,0,993,Sep-2025,UNPAID,False
26770110100915000270,650581,300,0,993,Sep-2025,UNPAID,False
26770110100915000269,650579,300,0,993,Sep-2025,UNPAID,False
26770110100915000268,650577,300,0,993,Sep-2025,UNPAID,False
26770110100915000267,650574,300,0,993,Sep-2025,UNPAID,False
26770110100915000266,647873,200,0,662,Sep-2025,UNPAID,False
26770110100915000265,647812,200,0,662,Sep-2025,UNPAID,False
26770110100915000264,647787,200,0,662,Sep-2025,UNPAID,False
26770110100915000263,647636,200,0,662,Sep-2025,UNPAID,False
26770110100915000262,647568,200,0,662,Sep-2025,UNPAID,False
26770110100915000261,647522,300,0,993,Sep-2025,UNPAID,False
26770110100915000260,647513,300,0,993,Sep-2025,UNPAID,False
26770110100915000259,647452,200,0,662,Sep-2025,UNPAID,False
26770110100915000258,647390,300,0,993,Sep-2025,UNPAID,False
26770110100915000257,647358,300,0,993,Sep-2025,UNPAID,False
26770110100915000256,647347,300,0,993,Sep-2025,UNPAID,False
26770110100915000255,647276,300,0,993,Sep-2025,UNPAID,False
26770110100915000254,647090,300,0,993,Sep-2025,UNPAID,False
26770110100915000253,647053,200,0,662,Sep-2025,UNPAID,False
26770110100915000252,646789,200,0,662,Sep-2025,UNPAID,False
26770110100915000251,646631,200,0,662,Sep-2025,UNPAID,False
26770110100915000250,813519,300,0,993,Sep-2025,UNPAID,False
26770110100915000249,813498,300,0,993,Sep-2025,UNPAID,False
26770110100915000248,813414,300,0,993,Sep-2025,UNPAID,False
26770110100915000247,813393,300,0,993,Sep-2025,UNPAID,False
26770110100915000246,813384,300,0,993,Sep-2025,UNPAID,False
26770110100915000245,813366,300,0,993,Sep-2025,UNPAID,False
26770110100915000244,813350,300,0,993,Sep-2025,UNPAID,False
26770110100915000243,813318,300,0,993,Sep-2025,UNPAID,False
26770110100915000242,813302,300,0,993,Sep-2025,UNPAID,False
26770110100915000241,813282,300,0,993,Sep-2025,UNPAID,False
26770110100915000240,813258,300,0,993,Sep-2025,UNPAID,False
26770110100915000239,813249,300,0,993,Sep-2025,UNPAID,False
26770110100915000238,813199,300,0,993,Sep-2025,UNPAID,False
26770110100915000237,813181,300,0,993,Sep-2025,UNPAID,False
26770110100915000236,813168,300,0,993,Sep-2025,UNPAID,False
26770110100915000235,813148,300,0,993,Sep-2025,UNPAID,False
26770110100915000234,813111,300,0,993,Sep-2025,UNPAID,False
26770110100915000233,813004,300,0,993,Sep-2025,UNPAID,False
26770110100915000232,812969,300,0,993,Sep-2025,UNPAID,False
26770110100915000231,812954,300,0,993,Sep-2025,UNPAID,False
26770110100915000230,812782,300,0,993,Sep-2025,UNPAID,False
26770110100915000229,812600,300,0,993,Sep-2025,UNPAID,False
26770110100915000228,812582,300,0,993,Sep-2025,UNPAID,False
26770110100915000227,812553,300,0,993,Sep-2025,UNPAID,False
26770110100915000226,812532,300,0,993,Sep-2025,UNPAID,False
26770110100915000225,812514,300,0,993,Sep-2025,UNPAID,False
26770110100915000224,812491,300,0,993,Sep-2025,UNPAID,False
26770110100915000223,812465,300,0,993,Sep-2025,UNPAID,False
26770110100915000222,812455,300,0,993,Sep-2025,UNPAID,False
26770110100915000221,812432,300,0,993,Sep-2025,UNPAID,False
26770110100915000220,812420,300,0,993,Sep-2025,UNPAID,False
26770110100915000219,812402,300,0,993,Sep-2025,UNPAID,False
26770110100915000218,812392,300,0,993,Sep-2025,UNPAID,False
26770110100915000217,812379,300,0,993,Sep-2025,UNPAID,False
26770110100915000216,812367,300,0,993,Sep-2025,UNPAID,False
26770110100915000215,812347,300,0,993,Sep-2025,UNPAID,False
26770110100915000214,812335,300,0,993,Sep-2025,UNPAID,False
26770110100915000213,812315,300,0,993,Sep-2025,UNPAID,False
26770110100915000212,812304,300,0,993,Sep-2025,UNPAID,False
26770110100915000211,812289,700,0,2317,Sep-2025,UNPAID,False
26770110100915000210,812278,300,0,993,Sep-2025,UNPAID,False
26770110100915000209,812261,300,0,993,Sep-2025,UNPAID,False
26770110100915000208,812257,300,0,993,Sep-2025,UNPAID,False
26770110100915000207,812250,300,0,993,Sep-2025,UNPAID,False
26770110100915000206,812241,300,0,993,Sep-2025,UNPAID,False
26770110100915000205,812186,700,0,2317,Sep-2025,UNPAID,False
26770110100915000204,812177,300,0,993,Sep-2025,UNPAID,False
26770110100915000203,812171,300,0,993,Sep-2025,UNPAID,False
26770110100915000202,812166,300,0,993,Sep-2025,UNPAID,False
26770110100915000201,812159,300,0,993,Sep-2025,UNPAID,False
26770110100915000200,812156,300,0,993,Sep-2025,UNPAID,False
26770110100915000199,812141,300,0,993,Sep-2025,UNPAID,False
26770110100915000198,812135,300,0,993,Sep-2025,UNPAID,False
26770110100915000197,812131,300,0,993,Sep-2025,UNPAID,False
26770110100915000196,812126,300,0,993,Sep-2025,UNPAID,False
26770110100915000195,812123,300,0,993,Sep-2025,UNPAID,False
26770110100915000194,812118,300,0,993,Sep-2025,UNPAID,False
26770110100915000193,812111,700,0,2317,Sep-2025,UNPAID,False
26770110100915000192,812101,300,0,993,Sep-2025,UNPAID,False
26770110100915000191,812090,300,0,993,Sep-2025,UNPAID,False
26770110100915000190,812087,300,0,993,Sep-2025,UNPAID,False
26770110100915000189,812083,300,0,993,Sep-2025,UNPAID,False
26770110100915000188,812076,300,0,993,Sep-2025,UNPAID,False
26770110100915000187,812042,300,0,993,Sep-2025,UNPAID,False
26770110100915000186,812037,300,0,993,Sep-2025,UNPAID,False
26770110100915000185,812033,300,0,993,Sep-2025,UNPAID,False
26770110100915000184,812029,300,0,993,Sep-2025,UNPAID,False
26770110100915000183,812023,300,0,993,Sep-2025,UNPAID,False
26770110100915000182,794970,500,0,1655,Sep-2025,UNPAID,False
26770110100915000181,764828,500,0,1655,Sep-2025,UNPAID,False
26770110100915000180,764804,500,0,1655,Sep-2025,UNPAID,False
26770110100915000179,764785,500,0,1655,Sep-2025,UNPAID,False
26770110100915000178,764736,500,0,1655,Sep-2025,UNPAID,False
26770110100915000177,764706,500,0,1655,Sep-2025,UNPAID,False
26770110100915000176,764656,500,0,1655,Sep-2025,UNPAID,False
26770110100915000175,764631,500,0,1655,Sep-2025,UNPAID,False
26770110100915000174,764608,500,0,1655,Sep-2025,UNPAID,False
26770110100915000173,764576,500,0,1655,Sep-2025,UNPAID,False
26770110100915000172,764532,500,0,1655,Sep-2025,UNPAID,False
26770110100915000171,764504,500,0,1655,Sep-2025,UNPAID,False
26770110100915000170,764481,500,0,1655,Sep-2025,UNPAID,False
26770110100915000169,764461,500,0,1655,Sep-2025,UNPAID,False
26770110100915000168,764444,500,0,1655,Sep-2025,UNPAID,False
26770110100915000167,764402,300,0,993,Sep-2025,UNPAID,False
26770110100915000166,764396,1000,0,3310,Sep-2025,UNPAID,False
26770110100915000165,764366,500,0,1655,Sep-2025,UNPAID,False
26770110100915000164,764348,500,0,1655,Sep-2025,UNPAID,False
26770110100915000163,764333,500,0,1655,Sep-2025,UNPAID,False
26770110100915000162,764316,500,0,1655,Sep-2025,UNPAID,False
26770110100915000161,764295,500,0,1655,Sep-2025,UNPAID,False
26770110100915000160,764275,500,0,1655,Sep-2025,UNPAID,False
26770110100915000159,764261,500,0,1655,Sep-2025,UNPAID,False
26770110100915000158,764235,500,0,1655,Sep-2025,UNPAID,False
26770110100915000157,764223,500,0,1655,Sep-2025,UNPAID,False
26770110100915000156,764196,1000,0,3310,Sep-2025,UNPAID,False
26770110100915000155,764173,500,0,1655,Sep-2025,UNPAID,False
26770110100915000154,764149,500,0,1655,Sep-2025,UNPAID,False
26770110100915000153,764140,500,0,1655,Sep-2025,UNPAID,False
26770110100915000152,764123,500,0,1655,Sep-2025,UNPAID,False
26770110100915000151,764117,500,0,1655,Sep-2025,UNPAID,False
26770110100915000150,764090,500,0,1655,Sep-2025,UNPAID,False
26770110100915000149,764067,500,0,1655,Sep-2025,UNPAID,False
26770110100915000148,764052,1000,0,3310,Sep-2025,UNPAID,False
26770110100915000147,764023,500,0,1655,Sep-2025,UNPAID,False
26770110100915000146,763964,3000,0,9930,Sep-2025,UNPAID,False
26770110100915000145,763945,500,0,1655,Sep-2025,UNPAID,False
26770110100915000144,763931,500,0,1655,Sep-2025,UNPAID,False
26770110100915000143,763914,500,0,1655,Sep-2025,UNPAID,False
26770110100915000142,763899,500,0,1655,Sep-2025,UNPAID,False
26770110100915000141,763893,500,0,1655,Sep-2025,UNPAID,False
26770110100915000140,763881,500,0,1655,Sep-2025,UNPAID,False
26770110100915000139,763865,500,0,1655,Sep-2025,UNPAID,False
26770110100915000138,763858,500,0,1655,Sep-2025,UNPAID,False
26770110100915000137,763844,500,0,1655,Sep-2025,UNPAID,False
26770110100915000136,749392,700,0,2317,Sep-2025,UNPAID,False
26770110100915000135,744096,500,0,1655,Sep-2025,UNPAID,False
26770110100915000134,744085,500,0,1655,Sep-2025,UNPAID,False
26770110100915000133,744063,500,0,1655,Sep-2025,UNPAID,False
26770110100915000132,744043,500,0,1655,Sep-2025,UNPAID,False
26770110100915000131,744017,500,0,1655,Sep-2025,UNPAID,False
26770110100915000130,743990,500,0,1655,Sep-2025,UNPAID,False
26770110100915000129,743971,500,0,1655,Sep-2025,UNPAID,False
26770110100915000128,743948,500,0,1655,Sep-2025,UNPAID,False
26770110100915000127,743921,500,0,1655,Sep-2025,UNPAID,False
26770110100915000126,743896,500,0,1655,Sep-2025,UNPAID,False
26770110100915000125,743878,500,0,1655,Sep-2025,UNPAID,False
26770110100915000124,743864,500,0,1655,Sep-2025,UNPAID,False
26770110100915000123,743834,500,0,1655,Sep-2025,UNPAID,False
26770110100915000122,743807,500,0,1655,Sep-2025,UNPAID,False
26770110100915000121,743794,500,0,1655,Sep-2025,UNPAID,False
26770110100915000120,743766,500,0,1655,Sep-2025,UNPAID,False
26770110100915000119,743748,500,0,1655,Sep-2025,UNPAID,False
26770110100915000118,743736,300,0,993,Sep-2025,UNPAID,False
26770110100915000117,743718,500,0,1655,Sep-2025,UNPAID,False
26770110100915000116,743699,300,0,993,Sep-2025,UNPAID,False
26770110100915000115,743691,500,0,1655,Sep-2025,UNPAID,False
26770110100915000114,743675,300,0,993,Sep-2025,UNPAID,False
26770110100915000113,743674,500,0,1655,Sep-2025,UNPAID,False
26770110100915000112,743650,500,0,1655,Sep-2025,UNPAID,False
26770110100915000111,743645,300,0,993,Sep-2025,UNPAID,False
26770110100915000110,743625,500,0,1655,Sep-2025,UNPAID,False
26770110100915000109,743615,300,0,993,Sep-2025,UNPAID,False
26770110100915000108,743610,500,0,1655,Sep-2025,UNPAID,False
26770110100915000107,743595,300,0,993,Sep-2025,UNPAID,False
26770110100915000106,743576,500,0,1655,Sep-2025,UNPAID,False
26770110100915000105,743569,300,0,993,Sep-2025,UNPAID,False
26770110100915000104,743557,500,0,1655,Sep-2025,UNPAID,False
26770110100915000103,743535,500,0,1655,Sep-2025,UNPAID,False
26770110100915000102,743511,300,0,993,Sep-2025,UNPAID,False
26770110100915000101,743492,300,0,993,Sep-2025,UNPAID,False
26770110100915000100,743490,500,0,1655,Sep-2025,UNPAID,False
26770110100915000099,743467,300,0,993,Sep-2025,UNPAID,False
26770110100915000098,743456,500,0,1655,Sep-2025,UNPAID,False
26770110100915000097,743444,300,0,993,Sep-2025,UNPAID,False
26770110100915000096,743436,500,0,1655,Sep-2025,UNPAID,False
26770110100915000095,743425,300,0,993,Sep-2025,UNPAID,False
26770110100915000094,743422,500,0,1655,Sep-2025,UNPAID,False
26770110100915000093,743406,300,0,993,Sep-2025,UNPAID,False
26770110100915000092,743401,500,0,1655,Sep-2025,UNPAID,False
26770110100915000091,743385,500,0,1655,Sep-2025,UNPAID,False
26770110100915000090,743382,300,0,993,Sep-2025,UNPAID,False
26770110100915000089,743372,500,0,1655,Sep-2025,UNPAID,False
26770110100915000088,743362,300,0,993,Sep-2025,UNPAID,False
26770110100915000087,743347,300,0,993,Sep-2025,UNPAID,False
26770110100915000086,743341,500,0,1655,Sep-2025,UNPAID,False
26770110100915000085,743327,300,0,993,Sep-2025,UNPAID,False
26770110100915000084,743318,500,0,1655,Sep-2025,UNPAID,False
26770110100915000083,743295,500,0,1655,Sep-2025,UNPAID,False
26770110100915000082,743274,500,0,1655,Sep-2025,UNPAID,False
26770110100915000081,743249,500,0,1655,Sep-2025,UNPAID,False
26770110100915000080,743233,500,0,1655,Sep-2025,UNPAID,False
26770110100915000079,743224,500,0,1655,Sep-2025,UNPAID,False
26770110100915000078,743198,300,0,993,Sep-2025,UNPAID,False
26770110100915000077,743188,500,0,1655,Sep-2025,UNPAID,False
26770110100915000076,743172,500,0,1655,Sep-2025,UNPAID,False
26770110100915000075,743163,300,0,993,Sep-2025,UNPAID,False
26770110100915000074,743155,500,0,1655,Sep-2025,UNPAID,False
26770110100915000073,742864,300,0,993,Sep-2025,UNPAID,False
26770110100915000072,742857,300,0,993,Sep-2025,UNPAID,False
26770110100915000071,742828,300,0,993,Sep-2025,UNPAID,False
26770110100915000070,742804,300,0,993,Sep-2025,UNPAID,False
26770110100915000069,742788,300,0,993,Sep-2025,UNPAID,False
26770110100915000068,742779,300,0,993,Sep-2025,UNPAID,False
26770110100915000067,742771,300,0,993,Sep-2025,UNPAID,False
26770110100915000066,742746,300,0,993,Sep-2025,UNPAID,False
26770110100915000065,742737,300,0,993,Sep-2025,UNPAID,False
26770110100915000064,742726,300,0,993,Sep-2025,UNPAID,False
26770110100915000063,742715,300,0,993,Sep-2025,UNPAID,False
26770110100915000062,742706,300,0,993,Sep-2025,UNPAID,False
26770110100915000061,742691,300,0,993,Sep-2025,UNPAID,False
26770110100915000060,742682,300,0,993,Sep-2025,UNPAID,False
26770110100915000059,742658,2000,0,6620,Sep-2025,UNPAID,False
26770110100915000058,742239,300,0,993,Sep-2025,UNPAID,False
26770110100915000057,742235,300,0,993,Sep-2025,UNPAID,False
26770110100915000056,742234,300,0,993,Sep-2025,UNPAID,False
26770110100915000055,742233,300,0,993,Sep-2025,UNPAID,False
26770110100915000054,742101,300,0,993,Sep-2025,UNPAID,False
26770110100915000053,742096,300,0,993,Sep-2025,UNPAID,False
26770110100915000052,742053,300,0,993,Sep-2025,UNPAID,False
26770110100915000051,742036,300,0,993,Sep-2025,UNPAID,False
26770110100915000050,726794,300,0,993,Sep-2025,UNPAID,False
26770110100915000049,726761,300,0,993,Sep-2025,UNPAID,False
26770110100915000048,726743,300,0,993,Sep-2025,UNPAID,False
26770110100915000047,726729,300,0,993,Sep-2025,UNPAID,False
26770110100915000046,726711,300,0,993,Sep-2025,UNPAID,False
26770110100915000045,726693,300,0,993,Sep-2025,UNPAID,False
26770110100915000044,726680,300,0,993,Sep-2025,UNPAID,False
26770110100915000043,726661,300,0,993,Sep-2025,UNPAID,False
26770110100915000042,726650,300,0,993,Sep-2025,UNPAID,False
26770110100915000041,726628,300,0,993,Sep-2025,UNPAID,False
26770110100915000040,726613,300,0,993,Sep-2025,UNPAID,False
26770110100915000039,726597,300,0,993,Sep-2025,UNPAID,False
26770110100915000038,726584,300,0,993,Sep-2025,UNPAID,False
26770110100915000037,726162,500,0,1655,Sep-2025,UNPAID,False
26770110100915000036,703947,500,0,1655,Sep-2025,UNPAID,False
26770110100915000035,703918,500,0,1655,Sep-2025,UNPAID,False
26770110100915000034,703895,500,0,1655,Sep-2025,UNPAID,False
26770110100915000033,703858,500,0,1655,Sep-2025,UNPAID,False
26770110100915000032,703779,500,0,1655,Sep-2025,UNPAID,False
26770110100915000031,703749,500,0,1655,Sep-2025,UNPAID,False
26770110100915000030,703717,500,0,1655,Sep-2025,UNPAID,False
26770110100915000029,703678,500,0,1655,Sep-2025,UNPAID,False
26770110100915000028,703640,500,0,1655,Sep-2025,UNPAID,False
26770110100915000027,703586,500,0,1655,Sep-2025,UNPAID,False
26770110100915000026,703537,500,0,1655,Sep-2025,UNPAID,False
26770110100915000025,703506,500,0,1655,Sep-2025,UNPAID,False
26770110100915000024,703459,500,0,1655,Sep-2025,UNPAID,False
26770110100915000023,703428,500,0,1655,Sep-2025,UNPAID,False
26770110100915000022,703399,500,0,1655,Sep-2025,UNPAID,False
26770110100915000021,703372,500,0,1655,Sep-2025,UNPAID,False
26770110100915000020,703356,300,0,993,Sep-2025,UNPAID,False
26770110100915000019,703350,500,0,1655,Sep-2025,UNPAID,False
26770110100915000018,703321,500,0,1655,Sep-2025,UNPAID,False
26770110100915000017,703296,500,0,1655,Sep-2025,UNPAID,False
26770110100915000016,703270,500,0,1655,Sep-2025,UNPAID,False
26770110100915000015,703248,500,0,1655,Sep-2025,UNPAID,False
26770110100915000014,703227,500,0,1655,Sep-2025,UNPAID,False
26770110100915000013,703150,300,0,993,Sep-2025,UNPAID,False
26770110100915000012,703069,300,0,993,Sep-2025,UNPAID,False
26770110100915000011,703001,500,0,1655,Sep-2025,UNPAID,False
26770110100915000010,702963,500,0,1655,Sep-2025,UNPAID,False
26770110100915000009,702928,500,0,1655,Sep-2025,UNPAID,False
26770110100915000008,702840,500,0,1655,Sep-2025,UNPAID,False
26770110100915000007,702807,500,0,1655,Sep-2025,UNPAID,False
26770110100915000006,702772,500,0,1655,Sep-2025,UNPAID,False
26770110100915000005,702731,500,0,1655,Sep-2025,UNPAID,False
26770110100915000004,702702,500,0,1655,Sep-2025,UNPAID,False
26770110100915000003,701810,300,0,993,Sep-2025,UNPAID,False
26770110100915000002,701809,300,0,993,Sep-2025,UNPAID,False
26770110100915000001,701808,300,0,993,Sep-2025,UNPAID,False
